MeasureCount,Transmitter,TxPower,Mode,RSSI
0,0,-8,0,-81
1,0,-8,0,-81
2,0,-8,0,-82
3,0,-8,0,-81
4,0,-8,0,-81
5,0,-8,0,-82
6,0,-8,0,-81
7,0,-8,0,-82
8,0,-8,0,-81
9,0,-8,0,-81
10,0,-8,0,-81
11,0,-8,0,-82
12,0,-8,0,-81
13,0,-8,0,-81
14,0,-8,0,-81
15,0,-8,0,-81
16,0,-8,0,-81
17,0,-8,0,-81
18,0,-8,0,-81
19,0,-8,0,-82
20,1,-8,0,-85
21,1,-8,0,-83
22,1,-8,0,-84
23,1,-8,0,-84
24,1,-8,0,-84
25,1,-8,0,-84
26,1,-8,0,-84
27,1,-8,0,-84
28,1,-8,0,-84
29,1,-8,0,-84
30,1,-8,0,-84
31,1,-8,0,-84
32,1,-8,0,-84
33,1,-8,0,-84
34,1,-8,0,-84
35,1,-8,0,-84
36,1,-8,0,-84
37,1,-8,0,-84
38,1,-8,0,-84
39,1,-8,0,-84
40,0,-4,0,-78
41,0,-4,0,-78
42,0,-4,0,-78
43,0,-4,0,-78
44,0,-4,0,-78
45,0,-4,0,-78
46,0,-4,0,-78
47,0,-4,0,-78
48,0,-4,0,-78
49,0,-4,0,-78
50,0,-4,0,-78
51,0,-4,0,-78
52,0,-4,0,-78
53,0,-4,0,-78
54,0,-4,0,-78
55,0,-4,0,-78
56,0,-4,0,-78
57,0,-4,0,-79
58,0,-4,0,-78
59,0,-4,0,-78
60,1,-4,0,-80
61,1,-4,0,-81
62,1,-4,0,-81
63,1,-4,0,-80
64,1,-4,0,-81
65,1,-4,0,-81
66,1,-4,0,-81
67,1,-4,0,-80
68,1,-4,0,-80
69,1,-4,0,-81
70,1,-4,0,-81
71,1,-4,0,-80
72,1,-4,0,-81
73,1,-4,0,-80
74,1,-4,0,-81
75,1,-4,0,-81
76,1,-4,0,-81
77,1,-4,0,-81
78,1,-4,0,-81
79,1,-4,0,-81
80,0,0,0,-74
81,0,0,0,-74
82,0,0,0,-74
83,0,0,0,-74
84,0,0,0,-74
85,0,0,0,-74
86,0,0,0,-74
87,0,0,0,-74
88,0,0,0,-74
89,0,0,0,-74
90,0,0,0,-74
91,0,0,0,-74
92,0,0,0,-74
93,0,0,0,-74
94,0,0,0,-74
95,0,0,0,-74
96,0,0,0,-74
97,0,0,0,-74
98,0,0,0,-74
99,0,0,0,-74
100,1,0,0,-77
101,1,0,0,-76
102,1,0,0,-76
103,1,0,0,-76
104,1,0,0,-76
105,1,0,0,-76
106,1,0,0,-76
107,1,0,0,-76
108,1,0,0,-76
109,1,0,0,-76
110,1,0,0,-76
111,1,0,0,-76
112,1,0,0,-76
113,1,0,0,-76
114,1,0,0,-76
115,1,0,0,-77
116,1,0,0,-76
117,1,0,0,-77
118,1,0,0,-77
119,1,0,0,-76
120,0,2,0,-69
121,0,2,0,-69
122,0,2,0,-69
123,0,2,0,-69
124,0,2,0,-69
125,0,2,0,-69
126,0,2,0,-69
127,0,2,0,-69
128,0,2,0,-69
129,0,2,0,-69
130,0,2,0,-69
131,0,2,0,-69
132,0,2,0,-69
133,0,2,0,-69
134,0,2,0,-69
135,0,2,0,-69
136,0,2,0,-69
137,0,2,0,-69
138,0,2,0,-69
139,0,2,0,-69
140,1,2,0,-72
141,1,2,0,-72
142,1,2,0,-72
143,1,2,0,-72
144,1,2,0,-72
145,1,2,0,-72
146,1,2,0,-72
147,1,2,0,-72
148,1,2,0,-72
149,1,2,0,-72
150,1,2,0,-72
151,1,2,0,-72
152,1,2,0,-72
153,1,2,0,-72
154,1,2,0,-72
155,1,2,0,-72
156,1,2,0,-72
157,1,2,0,-72
158,1,2,0,-72
159,1,2,0,-72
160,0,3,0,-68
161,0,3,0,-68
162,0,3,0,-68
163,0,3,0,-68
164,0,3,0,-68
165,0,3,0,-68
166,0,3,0,-68
167,0,3,0,-68
168,0,3,0,-68
169,0,3,0,-68
170,0,3,0,-68
171,0,3,0,-68
172,0,3,0,-68
173,0,3,0,-68
174,0,3,0,-68
175,0,3,0,-68
176,0,3,0,-68
177,0,3,0,-68
178,0,3,0,-68
179,0,3,0,-68
180,1,3,0,-71
181,1,3,0,-71
182,1,3,0,-71
183,1,3,0,-71
184,1,3,0,-71
185,1,3,0,-71
186,1,3,0,-71
187,1,3,0,-71
188,1,3,0,-71
189,1,3,0,-71
190,1,3,0,-71
191,1,3,0,-71
192,1,3,0,-71
193,1,3,0,-71
194,1,3,0,-71
195,1,3,0,-71
196,1,3,0,-71
197,1,3,0,-71
198,1,3,0,-71
199,1,3,0,-71
200,0,4,0,-67
201,0,4,0,-68
202,0,4,0,-67
203,0,4,0,-67
204,0,4,0,-68
205,0,4,0,-67
206,0,4,0,-67
207,0,4,0,-67
208,0,4,0,-68
209,0,4,0,-67
210,0,4,0,-67
211,0,4,0,-67
212,0,4,0,-68
213,0,4,0,-67
214,0,4,0,-67
215,0,4,0,-67
216,0,4,0,-67
217,0,4,0,-67
218,0,4,0,-68
219,0,4,0,-67
220,1,4,0,-70
221,1,4,0,-70
222,1,4,0,-70
223,1,4,0,-70
224,1,4,0,-70
225,1,4,0,-70
226,1,4,0,-70
227,1,4,0,-70
228,1,4,0,-70
229,1,4,0,-70
230,1,4,0,-70
231,1,4,0,-70
232,1,4,0,-70
233,1,4,0,-70
234,1,4,0,-70
235,1,4,0,-70
236,1,4,0,-70
237,1,4,0,-70
238,1,4,0,-70
239,1,4,0,-70
240,0,5,0,-66
241,0,5,0,-68
242,0,5,0,-66
243,0,5,0,-67
244,0,5,0,-67
245,0,5,0,-66
246,0,5,0,-66
247,0,5,0,-68
248,0,5,0,-67
249,0,5,0,-67
250,0,5,0,-66
251,0,5,0,-67
252,0,5,0,-66
253,0,5,0,-68
254,0,5,0,-67
255,0,5,0,-68
256,0,5,0,-67
257,0,5,0,-67
258,0,5,0,-66
259,0,5,0,-67
260,1,5,0,-70
261,1,5,0,-69
262,1,5,0,-70
263,1,5,0,-70
264,1,5,0,-70
265,1,5,0,-69
266,1,5,0,-70
267,1,5,0,-70
268,1,5,0,-70
269,1,5,0,-70
270,1,5,0,-70
271,1,5,0,-70
272,1,5,0,-70
273,1,5,0,-69
274,1,5,0,-70
275,1,5,0,-69
276,1,5,0,-70
277,1,5,0,-69
278,1,5,0,-70
279,1,5,0,-70
280,0,6,0,-65
281,0,6,0,-66
282,0,6,0,-65
283,0,6,0,-66
284,0,6,0,-65
285,0,6,0,-66
286,0,6,0,-65
287,0,6,0,-66
288,0,6,0,-65
289,0,6,0,-66
290,0,6,0,-65
291,0,6,0,-66
292,0,6,0,-66
293,0,6,0,-66
294,0,6,0,-65
295,0,6,0,-66
296,0,6,0,-65
297,0,6,0,-66
298,0,6,0,-66
299,0,6,0,-66
300,1,6,0,-69
301,1,6,0,-68
302,1,6,0,-69
303,1,6,0,-69
304,1,6,0,-69
305,1,6,0,-69
306,1,6,0,-69
307,1,6,0,-69
308,1,6,0,-69
309,1,6,0,-69
310,1,6,0,-69
311,1,6,0,-68
312,1,6,0,-68
313,1,6,0,-68
314,1,6,0,-69
315,1,6,0,-69
316,1,6,0,-69
317,1,6,0,-68
318,1,6,0,-69
319,1,6,0,-68
320,0,7,0,-65
321,0,7,0,-65
322,0,7,0,-65
323,0,7,0,-65
324,0,7,0,-65
325,0,7,0,-65
326,0,7,0,-66
327,0,7,0,-65
328,0,7,0,-65
329,0,7,0,-65
330,0,7,0,-65
331,0,7,0,-65
332,0,7,0,-66
333,0,7,0,-65
334,0,7,0,-66
335,0,7,0,-65
336,0,7,0,-65
337,0,7,0,-65
338,0,7,0,-65
339,0,7,0,-65
340,1,7,0,-68
341,1,7,0,-68
342,1,7,0,-68
343,1,7,0,-68
344,1,7,0,-68
345,1,7,0,-68
346,1,7,0,-68
347,1,7,0,-68
348,1,7,0,-68
349,1,7,0,-68
350,1,7,0,-68
351,1,7,0,-68
352,1,7,0,-68
353,1,7,0,-68
354,1,7,0,-68
355,1,7,0,-68
356,1,7,0,-68
357,1,7,0,-68
358,1,7,0,-68
359,1,7,0,-68
360,0,8,0,-64
361,0,8,0,-64
362,0,8,0,-64
363,0,8,0,-64
364,0,8,0,-64
365,0,8,0,-64
366,0,8,0,-64
367,0,8,0,-64
368,0,8,0,-64
369,0,8,0,-65
370,0,8,0,-64
371,0,8,0,-64
372,0,8,0,-64
373,0,8,0,-64
374,0,8,0,-64
375,0,8,0,-64
376,0,8,0,-64
377,0,8,0,-65
378,0,8,0,-64
379,0,8,0,-65
380,1,8,0,-67
381,1,8,0,-67
382,1,8,0,-67
383,1,8,0,-67
384,1,8,0,-67
385,1,8,0,-67
386,1,8,0,-68
387,1,8,0,-67
388,1,8,0,-67
389,1,8,0,-67
390,1,8,0,-67
391,1,8,0,-67
392,1,8,0,-67
393,1,8,0,-67
394,1,8,0,-68
395,1,8,0,-67
396,1,8,0,-67
397,1,8,0,-67
398,1,8,0,-68
399,1,8,0,-67
400,0,-8,1,-74
401,0,-8,1,-74
402,0,-8,1,-74
403,0,-8,1,-74
404,0,-8,1,-74
405,0,-8,1,-74
406,0,-8,1,-74
407,0,-8,1,-74
408,0,-8,1,-74
409,0,-8,1,-74
410,0,-8,1,-74
411,0,-8,1,-74
412,0,-8,1,-74
413,0,-8,1,-74
414,0,-8,1,-74
415,0,-8,1,-74
416,0,-8,1,-74
417,0,-8,1,-74
418,0,-8,1,-74
419,0,-8,1,-74
420,1,-8,1,-85
421,1,-8,1,-85
422,1,-8,1,-84
423,1,-8,1,-85
424,1,-8,1,-84
425,1,-8,1,-85
426,1,-8,1,-84
427,1,-8,1,-85
428,1,-8,1,-85
429,1,-8,1,-86
430,1,-8,1,-85
431,1,-8,1,-85
432,1,-8,1,-84
433,1,-8,1,-86
434,1,-8,1,-85
435,1,-8,1,-84
436,1,-8,1,-85
437,1,-8,1,-85
438,1,-8,1,-85
439,1,-8,1,-85
440,0,-4,1,-71
441,0,-4,1,-71
442,0,-4,1,-71
443,0,-4,1,-71
444,0,-4,1,-71
445,0,-4,1,-71
446,0,-4,1,-71
447,0,-4,1,-71
448,0,-4,1,-71
449,0,-4,1,-71
450,0,-4,1,-71
451,0,-4,1,-71
452,0,-4,1,-71
453,0,-4,1,-71
454,0,-4,1,-71
455,0,-4,1,-71
456,0,-4,1,-71
457,0,-4,1,-71
458,0,-4,1,-71
459,0,-4,1,-71
460,1,-4,1,-82
461,1,-4,1,-82
462,1,-4,1,-82
463,1,-4,1,-82
464,1,-4,1,-82
465,1,-4,1,-82
466,1,-4,1,-82
467,1,-4,1,-82
468,1,-4,1,-81
469,1,-4,1,-82
470,1,-4,1,-82
471,1,-4,1,-81
472,1,-4,1,-82
473,1,-4,1,-82
474,1,-4,1,-81
475,1,-4,1,-82
476,1,-4,1,-82
477,1,-4,1,-82
478,1,-4,1,-82
479,1,-4,1,-82
480,0,0,1,-68
481,0,0,1,-68
482,0,0,1,-68
483,0,0,1,-68
484,0,0,1,-68
485,0,0,1,-68
486,0,0,1,-68
487,0,0,1,-68
488,0,0,1,-67
489,0,0,1,-68
490,0,0,1,-68
491,0,0,1,-67
492,0,0,1,-68
493,0,0,1,-68
494,0,0,1,-68
495,0,0,1,-68
496,0,0,1,-68
497,0,0,1,-67
498,0,0,1,-68
499,0,0,1,-68
500,1,0,1,-78
501,1,0,1,-78
502,1,0,1,-78
503,1,0,1,-78
504,1,0,1,-78
505,1,0,1,-79
506,1,0,1,-78
507,1,0,1,-78
508,1,0,1,-78
509,1,0,1,-78
510,1,0,1,-78
511,1,0,1,-78
512,1,0,1,-78
513,1,0,1,-78
514,1,0,1,-78
515,1,0,1,-78
516,1,0,1,-78
517,1,0,1,-78
518,1,0,1,-78
519,1,0,1,-78
520,0,2,1,-64
521,0,2,1,-65
522,0,2,1,-64
523,0,2,1,-64
524,0,2,1,-64
525,0,2,1,-64
526,0,2,1,-64
527,0,2,1,-64
528,0,2,1,-67
529,0,2,1,-64
530,0,2,1,-64
531,0,2,1,-66
532,0,2,1,-65
533,0,2,1,-64
534,0,2,1,-64
535,0,2,1,-64
536,0,2,1,-65
537,0,2,1,-64
538,0,2,1,-64
539,0,2,1,-63
540,1,2,1,-74
541,1,2,1,-75
542,1,2,1,-74
543,1,2,1,-74
544,1,2,1,-74
545,1,2,1,-74
546,1,2,1,-74
547,1,2,1,-74
548,1,2,1,-74
549,1,2,1,-75
550,1,2,1,-74
551,1,2,1,-74
552,1,2,1,-74
553,1,2,1,-74
554,1,2,1,-74
555,1,2,1,-74
556,1,2,1,-74
557,1,2,1,-75
558,1,2,1,-74
559,1,2,1,-74
560,0,3,1,-63
561,0,3,1,-63
562,0,3,1,-63
563,0,3,1,-63
564,0,3,1,-63
565,0,3,1,-63
566,0,3,1,-63
567,0,3,1,-63
568,0,3,1,-63
569,0,3,1,-63
570,0,3,1,-63
571,0,3,1,-63
572,0,3,1,-63
573,0,3,1,-63
574,0,3,1,-63
575,0,3,1,-63
576,0,3,1,-63
577,0,3,1,-63
578,0,3,1,-63
579,0,3,1,-63
580,1,3,1,-73
581,1,3,1,-73
582,1,3,1,-73
583,1,3,1,-74
584,1,3,1,-73
585,1,3,1,-74
586,1,3,1,-73
587,1,3,1,-74
588,1,3,1,-73
589,1,3,1,-73
590,1,3,1,-73
591,1,3,1,-73
592,1,3,1,-73
593,1,3,1,-74
594,1,3,1,-73
595,1,3,1,-74
596,1,3,1,-73
597,1,3,1,-73
598,1,3,1,-73
599,1,3,1,-73
600,0,4,1,-62
601,0,4,1,-62
602,0,4,1,-62
603,0,4,1,-62
604,0,4,1,-65
605,0,4,1,-62
606,0,4,1,-62
607,0,4,1,-62
608,0,4,1,-62
609,0,4,1,-62
610,0,4,1,-62
611,0,4,1,-62
612,0,4,1,-62
613,0,4,1,-65
614,0,4,1,-62
615,0,4,1,-62
616,0,4,1,-62
617,0,4,1,-62
618,0,4,1,-62
619,0,4,1,-65
620,1,4,1,-72
621,1,4,1,-73
622,1,4,1,-73
623,1,4,1,-73
624,1,4,1,-72
625,1,4,1,-73
626,1,4,1,-72
627,1,4,1,-73
628,1,4,1,-72
629,1,4,1,-73
630,1,4,1,-72
631,1,4,1,-73
632,1,4,1,-73
633,1,4,1,-73
634,1,4,1,-72
635,1,4,1,-73
636,1,4,1,-72
637,1,4,1,-73
638,1,4,1,-72
639,1,4,1,-73
640,0,5,1,-61
641,0,5,1,-61
642,0,5,1,-65
643,0,5,1,-61
644,0,5,1,-61
645,0,5,1,-61
646,0,5,1,-61
647,0,5,1,-61
648,0,5,1,-61
649,0,5,1,-63
650,0,5,1,-61
651,0,5,1,-61
652,0,5,1,-61
653,0,5,1,-61
654,0,5,1,-65
655,0,5,1,-61
656,0,5,1,-61
657,0,5,1,-62
658,0,5,1,-62
659,0,5,1,-61
660,1,5,1,-72
661,1,5,1,-72
662,1,5,1,-72
663,1,5,1,-72
664,1,5,1,-72
665,1,5,1,-72
666,1,5,1,-72
667,1,5,1,-72
668,1,5,1,-72
669,1,5,1,-72
670,1,5,1,-72
671,1,5,1,-72
672,1,5,1,-72
673,1,5,1,-72
674,1,5,1,-72
675,1,5,1,-72
676,1,5,1,-72
677,1,5,1,-72
678,1,5,1,-72
679,1,5,1,-72
680,0,6,1,-61
681,0,6,1,-60
682,0,6,1,-61
683,0,6,1,-61
684,0,6,1,-61
685,0,6,1,-61
686,0,6,1,-61
687,0,6,1,-61
688,0,6,1,-61
689,0,6,1,-60
690,0,6,1,-61
691,0,6,1,-61
692,0,6,1,-61
693,0,6,1,-61
694,0,6,1,-61
695,0,6,1,-61
696,0,6,1,-61
697,0,6,1,-61
698,0,6,1,-61
699,0,6,1,-61
700,1,6,1,-71
701,1,6,1,-71
702,1,6,1,-71
703,1,6,1,-71
704,1,6,1,-71
705,1,6,1,-71
706,1,6,1,-71
707,1,6,1,-71
708,1,6,1,-71
709,1,6,1,-71
710,1,6,1,-71
711,1,6,1,-71
712,1,6,1,-71
713,1,6,1,-71
714,1,6,1,-71
715,1,6,1,-71
716,1,6,1,-71
717,1,6,1,-71
718,1,6,1,-71
719,1,6,1,-71
720,0,7,1,-60
721,0,7,1,-60
722,0,7,1,-60
723,0,7,1,-60
724,0,7,1,-60
725,0,7,1,-60
726,0,7,1,-60
727,0,7,1,-60
728,0,7,1,-60
729,0,7,1,-60
730,0,7,1,-60
731,0,7,1,-60
732,0,7,1,-60
733,0,7,1,-60
734,0,7,1,-60
735,0,7,1,-60
736,0,7,1,-60
737,0,7,1,-60
738,0,7,1,-60
739,0,7,1,-60
740,1,7,1,-70
741,1,7,1,-71
742,1,7,1,-70
743,1,7,1,-71
744,1,7,1,-70
745,1,7,1,-71
746,1,7,1,-70
747,1,7,1,-71
748,1,7,1,-70
749,1,7,1,-71
750,1,7,1,-70
751,1,7,1,-71
752,1,7,1,-70
753,1,7,1,-71
754,1,7,1,-70
755,1,7,1,-70
756,1,7,1,-70
757,1,7,1,-71
758,1,7,1,-70
759,1,7,1,-71
760,0,8,1,-60
761,0,8,1,-60
762,0,8,1,-60
763,0,8,1,-60
764,0,8,1,-60
765,0,8,1,-60
766,0,8,1,-60
767,0,8,1,-60
768,0,8,1,-60
769,0,8,1,-60
770,0,8,1,-60
771,0,8,1,-60
772,0,8,1,-60
773,0,8,1,-60
774,0,8,1,-60
775,0,8,1,-60
776,0,8,1,-60
777,0,8,1,-60
778,0,8,1,-60
779,0,8,1,-60
780,1,8,1,-69
781,1,8,1,-70
782,1,8,1,-70
783,1,8,1,-70
784,1,8,1,-70
785,1,8,1,-70
786,1,8,1,-70
787,1,8,1,-70
788,1,8,1,-70
789,1,8,1,-70
790,1,8,1,-70
791,1,8,1,-70
792,1,8,1,-70
793,1,8,1,-70
794,1,8,1,-70
795,1,8,1,-70
796,1,8,1,-70
797,1,8,1,-70
798,1,8,1,-70
799,1,8,1,-70
800,0,-8,2,-75
801,0,-8,2,-75
802,0,-8,2,-74
803,0,-8,2,-75
804,0,-8,2,-75
805,0,-8,2,-75
806,0,-8,2,-75
807,0,-8,2,-75
808,0,-8,2,-75
809,0,-8,2,-75
810,0,-8,2,-75
811,0,-8,2,-75
812,0,-8,2,-75
813,0,-8,2,-75
814,0,-8,2,-75
815,0,-8,2,-75
816,0,-8,2,-74
817,0,-8,2,-75
818,0,-8,2,-75
819,0,-8,2,-75
820,1,-8,2,NONE
821,1,-8,2,NONE
822,1,-8,2,NONE
823,1,-8,2,NONE
824,1,-8,2,-85
825,1,-8,2,-86
826,1,-8,2,NONE
827,1,-8,2,NONE
828,1,-8,2,NONE
829,1,-8,2,NONE
830,1,-8,2,-84
831,1,-8,2,NONE
832,1,-8,2,NONE
833,1,-8,2,-86
834,1,-8,2,NONE
835,1,-8,2,NONE
836,1,-8,2,NONE
837,1,-8,2,NONE
838,1,-8,2,NONE
839,1,-8,2,NONE
840,0,-4,2,-72
841,0,-4,2,-72
842,0,-4,2,-72
843,0,-4,2,-72
844,0,-4,2,-72
845,0,-4,2,-72
846,0,-4,2,-72
847,0,-4,2,-72
848,0,-4,2,-72
849,0,-4,2,-72
850,0,-4,2,-72
851,0,-4,2,-72
852,0,-4,2,-72
853,0,-4,2,-72
854,0,-4,2,-72
855,0,-4,2,-72
856,0,-4,2,-72
857,0,-4,2,-72
858,0,-4,2,-72
859,0,-4,2,-72
860,1,-4,2,-82
861,1,-4,2,-83
862,1,-4,2,-82
863,1,-4,2,-83
864,1,-4,2,-82
865,1,-4,2,-82
866,1,-4,2,-82
867,1,-4,2,-82
868,1,-4,2,-82
869,1,-4,2,-82
870,1,-4,2,-82
871,1,-4,2,-83
872,1,-4,2,-82
873,1,-4,2,-82
874,1,-4,2,-82
875,1,-4,2,-82
876,1,-4,2,-82
877,1,-4,2,-83
878,1,-4,2,-82
879,1,-4,2,-83
880,0,0,2,-68
881,0,0,2,-68
882,0,0,2,-68
883,0,0,2,-68
884,0,0,2,-68
885,0,0,2,-68
886,0,0,2,-68
887,0,0,2,-68
888,0,0,2,-68
889,0,0,2,-68
890,0,0,2,-68
891,0,0,2,-68
892,0,0,2,-68
893,0,0,2,-68
894,0,0,2,-68
895,0,0,2,-68
896,0,0,2,-68
897,0,0,2,-68
898,0,0,2,-68
899,0,0,2,-68
900,1,0,2,-79
901,1,0,2,-79
902,1,0,2,-79
903,1,0,2,-79
904,1,0,2,-79
905,1,0,2,-79
906,1,0,2,-79
907,1,0,2,-79
908,1,0,2,-79
909,1,0,2,-79
910,1,0,2,-78
911,1,0,2,-79
912,1,0,2,-78
913,1,0,2,-79
914,1,0,2,-79
915,1,0,2,-79
916,1,0,2,-79
917,1,0,2,-79
918,1,0,2,-79
919,1,0,2,-79
920,0,2,2,-64
921,0,2,2,-64
922,0,2,2,-64
923,0,2,2,-63
924,0,2,2,-64
925,0,2,2,-64
926,0,2,2,-64
927,0,2,2,-64
928,0,2,2,-64
929,0,2,2,-63
930,0,2,2,-63
931,0,2,2,-64
932,0,2,2,-64
933,0,2,2,-64
934,0,2,2,-64
935,0,2,2,-63
936,0,2,2,-63
937,0,2,2,-64
938,0,2,2,-64
939,0,2,2,-63
940,1,2,2,-75
941,1,2,2,-75
942,1,2,2,-75
943,1,2,2,-75
944,1,2,2,-75
945,1,2,2,-75
946,1,2,2,-75
947,1,2,2,-75
948,1,2,2,-75
949,1,2,2,-75
950,1,2,2,-75
951,1,2,2,-75
952,1,2,2,-75
953,1,2,2,-75
954,1,2,2,-75
955,1,2,2,-75
956,1,2,2,-75
957,1,2,2,-75
958,1,2,2,-75
959,1,2,2,-75
960,0,3,2,-63
961,0,3,2,-63
962,0,3,2,-63
963,0,3,2,-63
964,0,3,2,-63
965,0,3,2,-63
966,0,3,2,-63
967,0,3,2,-63
968,0,3,2,-63
969,0,3,2,-63
970,0,3,2,-63
971,0,3,2,-63
972,0,3,2,-63
973,0,3,2,-63
974,0,3,2,-63
975,0,3,2,-63
976,0,3,2,-63
977,0,3,2,-63
978,0,3,2,-63
979,0,3,2,-63
980,1,3,2,-74
981,1,3,2,-74
982,1,3,2,-74
983,1,3,2,-74
984,1,3,2,-74
985,1,3,2,-74
986,1,3,2,-74
987,1,3,2,-74
988,1,3,2,-74
989,1,3,2,-74
990,1,3,2,-74
991,1,3,2,-74
992,1,3,2,-74
993,1,3,2,-74
994,1,3,2,-74
995,1,3,2,-74
996,1,3,2,-74
997,1,3,2,-74
998,1,3,2,-74
999,1,3,2,-74
1000,0,4,2,-63
1001,0,4,2,-62
1002,0,4,2,-62
1003,0,4,2,-63
1004,0,4,2,-63
1005,0,4,2,-63
1006,0,4,2,-62
1007,0,4,2,-62
1008,0,4,2,-61
1009,0,4,2,-62
1010,0,4,2,-62
1011,0,4,2,-62
1012,0,4,2,-62
1013,0,4,2,-63
1014,0,4,2,-62
1015,0,4,2,-63
1016,0,4,2,-62
1017,0,4,2,-62
1018,0,4,2,-62
1019,0,4,2,-62
1020,1,4,2,-73
1021,1,4,2,-73
1022,1,4,2,-73
1023,1,4,2,-73
1024,1,4,2,-73
1025,1,4,2,-74
1026,1,4,2,-73
1027,1,4,2,-73
1028,1,4,2,-73
1029,1,4,2,-74
1030,1,4,2,-73
1031,1,4,2,-74
1032,1,4,2,-73
1033,1,4,2,-73
1034,1,4,2,-73
1035,1,4,2,-73
1036,1,4,2,-73
1037,1,4,2,-73
1038,1,4,2,-73
1039,1,4,2,-73
1040,0,5,2,-62
1041,0,5,2,-62
1042,0,5,2,-62
1043,0,5,2,-62
1044,0,5,2,-62
1045,0,5,2,-62
1046,0,5,2,-62
1047,0,5,2,-62
1048,0,5,2,-62
1049,0,5,2,-62
1050,0,5,2,-62
1051,0,5,2,-62
1052,0,5,2,-62
1053,0,5,2,-62
1054,0,5,2,-62
1055,0,5,2,-62
1056,0,5,2,-62
1057,0,5,2,-62
1058,0,5,2,-62
1059,0,5,2,-62
1060,1,5,2,-73
1061,1,5,2,-73
1062,1,5,2,-73
1063,1,5,2,-73
1064,1,5,2,-73
1065,1,5,2,-73
1066,1,5,2,-73
1067,1,5,2,-73
1068,1,5,2,-72
1069,1,5,2,-73
1070,1,5,2,-73
1071,1,5,2,-73
1072,1,5,2,-73
1073,1,5,2,-73
1074,1,5,2,-72
1075,1,5,2,-73
1076,1,5,2,-73
1077,1,5,2,-73
1078,1,5,2,-72
1079,1,5,2,-73
1080,0,6,2,-61
1081,0,6,2,-63
1082,0,6,2,-63
1083,0,6,2,-61
1084,0,6,2,-63
1085,0,6,2,-63
1086,0,6,2,-61
1087,0,6,2,-62
1088,0,6,2,-63
1089,0,6,2,-61
1090,0,6,2,-63
1091,0,6,2,-63
1092,0,6,2,-61
1093,0,6,2,-63
1094,0,6,2,-63
1095,0,6,2,-61
1096,0,6,2,-61
1097,0,6,2,-63
1098,0,6,2,-61
1099,0,6,2,-62
1100,1,6,2,-72
1101,1,6,2,-72
1102,1,6,2,-71
1103,1,6,2,-72
1104,1,6,2,-72
1105,1,6,2,-72
1106,1,6,2,-72
1107,1,6,2,-72
1108,1,6,2,-72
1109,1,6,2,-72
1110,1,6,2,-72
1111,1,6,2,-72
1112,1,6,2,-72
1113,1,6,2,-72
1114,1,6,2,-71
1115,1,6,2,-72
1116,1,6,2,-71
1117,1,6,2,-72
1118,1,6,2,-71
1119,1,6,2,-72
1120,0,7,2,-61
1121,0,7,2,-59
1122,0,7,2,-61
1123,0,7,2,-61
1124,0,7,2,-58
1125,0,7,2,-60
1126,0,7,2,-61
1127,0,7,2,-59
1128,0,7,2,-61
1129,0,7,2,-60
1130,0,7,2,-61
1131,0,7,2,-61
1132,0,7,2,-60
1133,0,7,2,-61
1134,0,7,2,-61
1135,0,7,2,-61
1136,0,7,2,-61
1137,0,7,2,-61
1138,0,7,2,-59
1139,0,7,2,-59
1140,1,7,2,-71
1141,1,7,2,-71
1142,1,7,2,-71
1143,1,7,2,-71
1144,1,7,2,-71
1145,1,7,2,-71
1146,1,7,2,-71
1147,1,7,2,-71
1148,1,7,2,-71
1149,1,7,2,-71
1150,1,7,2,-71
1151,1,7,2,-71
1152,1,7,2,-71
1153,1,7,2,-71
1154,1,7,2,-71
1155,1,7,2,-71
1156,1,7,2,-71
1157,1,7,2,-71
1158,1,7,2,-71
1159,1,7,2,-72
1160,0,8,2,-60
1161,0,8,2,-61
1162,0,8,2,-60
1163,0,8,2,-60
1164,0,8,2,-60
1165,0,8,2,-60
1166,0,8,2,-60
1167,0,8,2,-60
1168,0,8,2,-60
1169,0,8,2,-60
1170,0,8,2,-60
1171,0,8,2,-60
1172,0,8,2,-60
1173,0,8,2,-60
1174,0,8,2,-60
1175,0,8,2,-60
1176,0,8,2,-60
1177,0,8,2,-60
1178,0,8,2,-60
1179,0,8,2,-60
1180,1,8,2,-70
1181,1,8,2,-71
1182,1,8,2,-70
1183,1,8,2,-71
1184,1,8,2,-70
1185,1,8,2,-71
1186,1,8,2,-70
1187,1,8,2,-71
1188,1,8,2,-70
1189,1,8,2,-71
1190,1,8,2,-70
1191,1,8,2,-71
1192,1,8,2,-70
1193,1,8,2,-71
1194,1,8,2,-70
1195,1,8,2,-71
1196,1,8,2,-70
1197,1,8,2,-71
1198,1,8,2,-70
1199,1,8,2,-71
1200,0,-8,3,-74
1201,0,-8,3,-74
1202,0,-8,3,-74
1203,0,-8,3,-74
1204,0,-8,3,-74
1205,0,-8,3,-74
1206,0,-8,3,-74
1207,0,-8,3,-74
1208,0,-8,3,-74
1209,0,-8,3,-74
1210,0,-8,3,-74
1211,0,-8,3,-74
1212,0,-8,3,-74
1213,0,-8,3,-74
1214,0,-8,3,-74
1215,0,-8,3,-74
1216,0,-8,3,-74
1217,0,-8,3,-74
1218,0,-8,3,-74
1219,0,-8,3,-74
1220,1,-8,3,-85
1221,1,-8,3,-85
1222,1,-8,3,-86
1223,1,-8,3,-86
1224,1,-8,3,-85
1225,1,-8,3,-86
1226,1,-8,3,-85
1227,1,-8,3,-85
1228,1,-8,3,-85
1229,1,-8,3,-85
1230,1,-8,3,-85
1231,1,-8,3,-85
1232,1,-8,3,-85
1233,1,-8,3,-85
1234,1,-8,3,-84
1235,1,-8,3,-85
1236,1,-8,3,-84
1237,1,-8,3,-85
1238,1,-8,3,-85
1239,1,-8,3,-85
1240,0,-4,3,-71
1241,0,-4,3,-71
1242,0,-4,3,-71
1243,0,-4,3,-71
1244,0,-4,3,-71
1245,0,-4,3,-71
1246,0,-4,3,-71
1247,0,-4,3,-71
1248,0,-4,3,-71
1249,0,-4,3,-71
1250,0,-4,3,-71
1251,0,-4,3,-71
1252,0,-4,3,-71
1253,0,-4,3,-71
1254,0,-4,3,-71
1255,0,-4,3,-71
1256,0,-4,3,-71
1257,0,-4,3,-71
1258,0,-4,3,-71
1259,0,-4,3,-71
1260,1,-4,3,-81
1261,1,-4,3,-82
1262,1,-4,3,-82
1263,1,-4,3,-82
1264,1,-4,3,-82
1265,1,-4,3,-82
1266,1,-4,3,-81
1267,1,-4,3,-82
1268,1,-4,3,-82
1269,1,-4,3,-82
1270,1,-4,3,-82
1271,1,-4,3,-81
1272,1,-4,3,-81
1273,1,-4,3,-82
1274,1,-4,3,-81
1275,1,-4,3,-82
1276,1,-4,3,-82
1277,1,-4,3,-82
1278,1,-4,3,-82
1279,1,-4,3,-82
1280,0,0,3,-68
1281,0,0,3,-67
1282,0,0,3,-68
1283,0,0,3,-68
1284,0,0,3,-68
1285,0,0,3,-67
1286,0,0,3,-68
1287,0,0,3,-68
1288,0,0,3,-67
1289,0,0,3,-67
1290,0,0,3,-67
1291,0,0,3,-67
1292,0,0,3,-68
1293,0,0,3,-68
1294,0,0,3,-68
1295,0,0,3,-67
1296,0,0,3,-68
1297,0,0,3,-68
1298,0,0,3,-68
1299,0,0,3,-68
1300,1,0,3,-78
1301,1,0,3,-78
1302,1,0,3,-78
1303,1,0,3,-79
1304,1,0,3,-78
1305,1,0,3,-78
1306,1,0,3,-78
1307,1,0,3,-78
1308,1,0,3,-78
1309,1,0,3,-78
1310,1,0,3,-78
1311,1,0,3,-78
1312,1,0,3,-78
1313,1,0,3,-78
1314,1,0,3,-78
1315,1,0,3,-78
1316,1,0,3,-78
1317,1,0,3,-78
1318,1,0,3,-78
1319,1,0,3,-78
1320,0,2,3,-63
1321,0,2,3,-63
1322,0,2,3,-64
1323,0,2,3,-63
1324,0,2,3,-63
1325,0,2,3,-63
1326,0,2,3,-63
1327,0,2,3,-63
1328,0,2,3,-64
1329,0,2,3,-64
1330,0,2,3,-64
1331,0,2,3,-64
1332,0,2,3,-63
1333,0,2,3,-64
1334,0,2,3,-64
1335,0,2,3,-63
1336,0,2,3,-63
1337,0,2,3,-64
1338,0,2,3,-63
1339,0,2,3,-63
1340,1,2,3,-74
1341,1,2,3,-74
1342,1,2,3,-74
1343,1,2,3,-75
1344,1,2,3,-74
1345,1,2,3,-75
1346,1,2,3,-74
1347,1,2,3,-74
1348,1,2,3,-74
1349,1,2,3,-75
1350,1,2,3,-74
1351,1,2,3,-74
1352,1,2,3,-74
1353,1,2,3,-75
1354,1,2,3,-74
1355,1,2,3,-74
1356,1,2,3,-74
1357,1,2,3,-74
1358,1,2,3,-74
1359,1,2,3,-75
1360,0,3,3,-63
1361,0,3,3,-63
1362,0,3,3,-63
1363,0,3,3,-63
1364,0,3,3,-63
1365,0,3,3,-63
1366,0,3,3,-63
1367,0,3,3,-63
1368,0,3,3,-63
1369,0,3,3,-63
1370,0,3,3,-63
1371,0,3,3,-63
1372,0,3,3,-63
1373,0,3,3,-63
1374,0,3,3,-63
1375,0,3,3,-63
1376,0,3,3,-63
1377,0,3,3,-63
1378,0,3,3,-63
1379,0,3,3,-63
1380,1,3,3,-73
1381,1,3,3,-73
1382,1,3,3,-73
1383,1,3,3,-74
1384,1,3,3,-73
1385,1,3,3,-73
1386,1,3,3,-73
1387,1,3,3,-73
1388,1,3,3,-73
1389,1,3,3,-73
1390,1,3,3,-73
1391,1,3,3,-74
1392,1,3,3,-73
1393,1,3,3,-73
1394,1,3,3,-73
1395,1,3,3,-73
1396,1,3,3,-73
1397,1,3,3,-73
1398,1,3,3,-73
1399,1,3,3,-73
1400,0,4,3,-62
1401,0,4,3,-62
1402,0,4,3,-62
1403,0,4,3,-62
1404,0,4,3,-62
1405,0,4,3,-62
1406,0,4,3,-62
1407,0,4,3,-62
1408,0,4,3,-62
1409,0,4,3,-62
1410,0,4,3,-62
1411,0,4,3,-62
1412,0,4,3,-62
1413,0,4,3,-62
1414,0,4,3,-62
1415,0,4,3,-62
1416,0,4,3,-62
1417,0,4,3,-62
1418,0,4,3,-62
1419,0,4,3,-62
1420,1,4,3,-72
1421,1,4,3,-73
1422,1,4,3,-72
1423,1,4,3,-73
1424,1,4,3,-72
1425,1,4,3,-73
1426,1,4,3,-72
1427,1,4,3,-73
1428,1,4,3,-72
1429,1,4,3,-73
1430,1,4,3,-72
1431,1,4,3,-73
1432,1,4,3,-72
1433,1,4,3,-73
1434,1,4,3,-72
1435,1,4,3,-73
1436,1,4,3,-72
1437,1,4,3,-73
1438,1,4,3,-72
1439,1,4,3,-73
1440,0,5,3,-61
1441,0,5,3,-61
1442,0,5,3,-61
1443,0,5,3,-61
1444,0,5,3,-61
1445,0,5,3,-61
1446,0,5,3,-61
1447,0,5,3,-61
1448,0,5,3,-61
1449,0,5,3,-61
1450,0,5,3,-61
1451,0,5,3,-62
1452,0,5,3,-61
1453,0,5,3,-61
1454,0,5,3,-62
1455,0,5,3,-61
1456,0,5,3,-61
1457,0,5,3,-61
1458,0,5,3,-61
1459,0,5,3,-61
1460,1,5,3,-72
1461,1,5,3,-72
1462,1,5,3,-72
1463,1,5,3,-72
1464,1,5,3,-72
1465,1,5,3,-72
1466,1,5,3,-72
1467,1,5,3,-72
1468,1,5,3,-72
1469,1,5,3,-72
1470,1,5,3,-72
1471,1,5,3,-72
1472,1,5,3,-72
1473,1,5,3,-72
1474,1,5,3,-72
1475,1,5,3,-72
1476,1,5,3,-72
1477,1,5,3,-72
1478,1,5,3,-72
1479,1,5,3,-72
1480,0,6,3,-61
1481,0,6,3,-61
1482,0,6,3,-61
1483,0,6,3,-61
1484,0,6,3,-60
1485,0,6,3,-60
1486,0,6,3,-61
1487,0,6,3,-61
1488,0,6,3,-61
1489,0,6,3,-61
1490,0,6,3,-61
1491,0,6,3,-61
1492,0,6,3,-61
1493,0,6,3,-61
1494,0,6,3,-61
1495,0,6,3,-60
1496,0,6,3,-61
1497,0,6,3,-61
1498,0,6,3,-61
1499,0,6,3,-60
1500,1,6,3,-71
1501,1,6,3,-71
1502,1,6,3,-71
1503,1,6,3,-71
1504,1,6,3,-71
1505,1,6,3,-71
1506,1,6,3,-71
1507,1,6,3,-71
1508,1,6,3,-71
1509,1,6,3,-71
1510,1,6,3,-71
1511,1,6,3,-71
1512,1,6,3,-71
1513,1,6,3,-71
1514,1,6,3,-71
1515,1,6,3,-71
1516,1,6,3,-71
1517,1,6,3,-71
1518,1,6,3,-71
1519,1,6,3,-71
1520,0,7,3,-60
1521,0,7,3,-60
1522,0,7,3,-60
1523,0,7,3,-60
1524,0,7,3,-60
1525,0,7,3,-60
1526,0,7,3,-60
1527,0,7,3,-60
1528,0,7,3,-60
1529,0,7,3,-60
1530,0,7,3,-60
1531,0,7,3,-60
1532,0,7,3,-60
1533,0,7,3,-60
1534,0,7,3,-60
1535,0,7,3,-60
1536,0,7,3,-60
1537,0,7,3,-60
1538,0,7,3,-60
1539,0,7,3,-60
1540,1,7,3,-70
1541,1,7,3,-71
1542,1,7,3,-70
1543,1,7,3,-71
1544,1,7,3,-70
1545,1,7,3,-71
1546,1,7,3,-70
1547,1,7,3,-71
1548,1,7,3,-70
1549,1,7,3,-71
1550,1,7,3,-70
1551,1,7,3,-71
1552,1,7,3,-70
1553,1,7,3,-71
1554,1,7,3,-70
1555,1,7,3,-71
1556,1,7,3,-70
1557,1,7,3,-71
1558,1,7,3,-70
1559,1,7,3,-71
1560,0,8,3,-60
1561,0,8,3,-60
1562,0,8,3,-60
1563,0,8,3,-60
1564,0,8,3,-60
1565,0,8,3,-60
1566,0,8,3,-60
1567,0,8,3,-60
1568,0,8,3,-60
1569,0,8,3,-60
1570,0,8,3,-60
1571,0,8,3,-60
1572,0,8,3,-60
1573,0,8,3,-60
1574,0,8,3,-60
1575,0,8,3,-60
1576,0,8,3,-60
1577,0,8,3,-60
1578,0,8,3,-60
1579,0,8,3,-60
1580,1,8,3,-70
1581,1,8,3,-70
1582,1,8,3,-70
1583,1,8,3,-70
1584,1,8,3,-70
1585,1,8,3,-70
1586,1,8,3,-70
1587,1,8,3,-70
1588,1,8,3,-70
1589,1,8,3,-70
1590,1,8,3,-70
1591,1,8,3,-70
1592,1,8,3,-70
1593,1,8,3,-70
1594,1,8,3,-70
1595,1,8,3,-70
1596,1,8,3,-70
1597,1,8,3,-70
1598,1,8,3,-70
1599,1,8,3,-70
1600,0,-8,4,-73
1601,0,-8,4,-73
1602,0,-8,4,-73
1603,0,-8,4,-73
1604,0,-8,4,-73
1605,0,-8,4,-73
1606,0,-8,4,-73
1607,0,-8,4,-73
1608,0,-8,4,-73
1609,0,-8,4,-73
1610,0,-8,4,-73
1611,0,-8,4,-73
1612,0,-8,4,-73
1613,0,-8,4,-73
1614,0,-8,4,-73
1615,0,-8,4,-73
1616,0,-8,4,-73
1617,0,-8,4,-73
1618,0,-8,4,-74
1619,0,-8,4,-73
1620,1,-8,4,-84
1621,1,-8,4,-85
1622,1,-8,4,-85
1623,1,-8,4,-84
1624,1,-8,4,-83
1625,1,-8,4,-85
1626,1,-8,4,-84
1627,1,-8,4,-84
1628,1,-8,4,-84
1629,1,-8,4,-84
1630,1,-8,4,-83
1631,1,-8,4,-84
1632,1,-8,4,-84
1633,1,-8,4,-85
1634,1,-8,4,-84
1635,1,-8,4,-85
1636,1,-8,4,-84
1637,1,-8,4,-86
1638,1,-8,4,-84
1639,1,-8,4,-84
1640,0,-4,4,-70
1641,0,-4,4,-70
1642,0,-4,4,-70
1643,0,-4,4,-70
1644,0,-4,4,-70
1645,0,-4,4,-70
1646,0,-4,4,-70
1647,0,-4,4,-70
1648,0,-4,4,-70
1649,0,-4,4,-70
1650,0,-4,4,-70
1651,0,-4,4,-70
1652,0,-4,4,-70
1653,0,-4,4,-70
1654,0,-4,4,-70
1655,0,-4,4,-70
1656,0,-4,4,-70
1657,0,-4,4,-70
1658,0,-4,4,-70
1659,0,-4,4,-70
1660,1,-4,4,-81
1661,1,-4,4,-81
1662,1,-4,4,-81
1663,1,-4,4,-81
1664,1,-4,4,-81
1665,1,-4,4,-82
1666,1,-4,4,-81
1667,1,-4,4,-81
1668,1,-4,4,-81
1669,1,-4,4,-81
1670,1,-4,4,-81
1671,1,-4,4,-81
1672,1,-4,4,-81
1673,1,-4,4,-81
1674,1,-4,4,-81
1675,1,-4,4,-81
1676,1,-4,4,-81
1677,1,-4,4,-81
1678,1,-4,4,-81
1679,1,-4,4,-81
1680,0,0,4,-67
1681,0,0,4,-67
1682,0,0,4,-67
1683,0,0,4,-67
1684,0,0,4,-67
1685,0,0,4,-67
1686,0,0,4,-67
1687,0,0,4,-67
1688,0,0,4,-67
1689,0,0,4,-67
1690,0,0,4,-67
1691,0,0,4,-67
1692,0,0,4,-67
1693,0,0,4,-67
1694,0,0,4,-67
1695,0,0,4,-67
1696,0,0,4,-67
1697,0,0,4,-67
1698,0,0,4,-67
1699,0,0,4,-67
1700,1,0,4,-77
1701,1,0,4,-78
1702,1,0,4,-77
1703,1,0,4,-78
1704,1,0,4,-77
1705,1,0,4,-78
1706,1,0,4,-78
1707,1,0,4,-77
1708,1,0,4,-77
1709,1,0,4,-78
1710,1,0,4,-77
1711,1,0,4,-78
1712,1,0,4,-77
1713,1,0,4,-78
1714,1,0,4,-77
1715,1,0,4,-78
1716,1,0,4,-77
1717,1,0,4,-78
1718,1,0,4,-78
1719,1,0,4,-78
1720,0,2,4,-63
1721,0,2,4,-63
1722,0,2,4,-63
1723,0,2,4,-63
1724,0,2,4,-63
1725,0,2,4,-63
1726,0,2,4,-63
1727,0,2,4,-63
1728,0,2,4,-63
1729,0,2,4,-63
1730,0,2,4,-63
1731,0,2,4,-63
1732,0,2,4,-63
1733,0,2,4,-63
1734,0,2,4,-63
1735,0,2,4,-63
1736,0,2,4,-63
1737,0,2,4,-63
1738,0,2,4,-63
1739,0,2,4,-63
1740,1,2,4,-74
1741,1,2,4,-74
1742,1,2,4,-73
1743,1,2,4,-74
1744,1,2,4,-73
1745,1,2,4,-74
1746,1,2,4,-74
1747,1,2,4,-74
1748,1,2,4,-74
1749,1,2,4,-74
1750,1,2,4,-73
1751,1,2,4,-74
1752,1,2,4,-73
1753,1,2,4,-74
1754,1,2,4,-73
1755,1,2,4,-74
1756,1,2,4,-73
1757,1,2,4,-74
1758,1,2,4,-73
1759,1,2,4,-74
1760,0,3,4,-62
1761,0,3,4,-62
1762,0,3,4,-62
1763,0,3,4,-62
1764,0,3,4,-62
1765,0,3,4,-62
1766,0,3,4,-62
1767,0,3,4,-62
1768,0,3,4,-62
1769,0,3,4,-62
1770,0,3,4,-62
1771,0,3,4,-62
1772,0,3,4,-62
1773,0,3,4,-62
1774,0,3,4,-62
1775,0,3,4,-62
1776,0,3,4,-62
1777,0,3,4,-62
1778,0,3,4,-62
1779,0,3,4,-62
1780,1,3,4,-73
1781,1,3,4,-73
1782,1,3,4,-73
1783,1,3,4,-73
1784,1,3,4,-72
1785,1,3,4,-73
1786,1,3,4,-73
1787,1,3,4,-73
1788,1,3,4,-72
1789,1,3,4,-73
1790,1,3,4,-72
1791,1,3,4,-73
1792,1,3,4,-72
1793,1,3,4,-73
1794,1,3,4,-72
1795,1,3,4,-73
1796,1,3,4,-73
1797,1,3,4,-73
1798,1,3,4,-72
1799,1,3,4,-73
1800,0,4,4,-61
1801,0,4,4,-61
1802,0,4,4,-61
1803,0,4,4,-61
1804,0,4,4,-61
1805,0,4,4,-61
1806,0,4,4,-61
1807,0,4,4,-61
1808,0,4,4,-61
1809,0,4,4,-61
1810,0,4,4,-61
1811,0,4,4,-61
1812,0,4,4,-61
1813,0,4,4,-61
1814,0,4,4,-61
1815,0,4,4,-61
1816,0,4,4,-61
1817,0,4,4,-61
1818,0,4,4,-61
1819,0,4,4,-61
1820,1,4,4,-71
1821,1,4,4,-72
1822,1,4,4,-72
1823,1,4,4,-72
1824,1,4,4,-72
1825,1,4,4,-72
1826,1,4,4,-72
1827,1,4,4,-72
1828,1,4,4,-72
1829,1,4,4,-72
1830,1,4,4,-72
1831,1,4,4,-72
1832,1,4,4,-72
1833,1,4,4,-72
1834,1,4,4,-72
1835,1,4,4,-72
1836,1,4,4,-72
1837,1,4,4,-72
1838,1,4,4,-71
1839,1,4,4,-72
1840,0,5,4,-61
1841,0,5,4,-61
1842,0,5,4,-61
1843,0,5,4,-61
1844,0,5,4,-61
1845,0,5,4,-61
1846,0,5,4,-61
1847,0,5,4,-61
1848,0,5,4,-61
1849,0,5,4,-61
1850,0,5,4,-61
1851,0,5,4,-61
1852,0,5,4,-61
1853,0,5,4,-61
1854,0,5,4,-61
1855,0,5,4,-61
1856,0,5,4,-61
1857,0,5,4,-61
1858,0,5,4,-61
1859,0,5,4,-61
1860,1,5,4,-71
1861,1,5,4,-71
1862,1,5,4,-71
1863,1,5,4,-72
1864,1,5,4,-71
1865,1,5,4,-72
1866,1,5,4,-71
1867,1,5,4,-72
1868,1,5,4,-71
1869,1,5,4,-72
1870,1,5,4,-71
1871,1,5,4,-72
1872,1,5,4,-71
1873,1,5,4,-71
1874,1,5,4,-71
1875,1,5,4,-72
1876,1,5,4,-71
1877,1,5,4,-71
1878,1,5,4,-71
1879,1,5,4,-72
1880,0,6,4,-60
1881,0,6,4,-60
1882,0,6,4,-60
1883,0,6,4,-60
1884,0,6,4,-60
1885,0,6,4,-60
1886,0,6,4,-60
1887,0,6,4,-60
1888,0,6,4,-60
1889,0,6,4,-60
1890,0,6,4,-60
1891,0,6,4,-60
1892,0,6,4,-60
1893,0,6,4,-60
1894,0,6,4,-60
1895,0,6,4,-60
1896,0,6,4,-60
1897,0,6,4,-60
1898,0,6,4,-60
1899,0,6,4,-60
1900,1,6,4,-70
1901,1,6,4,-71
1902,1,6,4,-70
1903,1,6,4,-70
1904,1,6,4,-70
1905,1,6,4,-70
1906,1,6,4,-70
1907,1,6,4,-70
1908,1,6,4,-70
1909,1,6,4,-71
1910,1,6,4,-70
1911,1,6,4,-71
1912,1,6,4,-70
1913,1,6,4,-71
1914,1,6,4,-70
1915,1,6,4,-70
1916,1,6,4,-70
1917,1,6,4,-71
1918,1,6,4,-70
1919,1,6,4,-70
1920,0,7,4,-60
1921,0,7,4,-60
1922,0,7,4,-60
1923,0,7,4,-60
1924,0,7,4,-60
1925,0,7,4,-60
1926,0,7,4,-60
1927,0,7,4,-60
1928,0,7,4,-60
1929,0,7,4,-60
1930,0,7,4,-60
1931,0,7,4,-60
1932,0,7,4,-60
1933,0,7,4,-60
1934,0,7,4,-60
1935,0,7,4,-60
1936,0,7,4,-60
1937,0,7,4,-60
1938,0,7,4,-60
1939,0,7,4,-60
1940,1,7,4,-70
1941,1,7,4,-70
1942,1,7,4,-70
1943,1,7,4,-70
1944,1,7,4,-69
1945,1,7,4,-70
1946,1,7,4,-70
1947,1,7,4,-70
1948,1,7,4,-70
1949,1,7,4,-70
1950,1,7,4,-70
1951,1,7,4,-70
1952,1,7,4,-70
1953,1,7,4,-70
1954,1,7,4,-70
1955,1,7,4,-70
1956,1,7,4,-70
1957,1,7,4,-70
1958,1,7,4,-70
1959,1,7,4,-70
1960,0,8,4,-59
1961,0,8,4,-59
1962,0,8,4,-59
1963,0,8,4,-59
1964,0,8,4,-59
1965,0,8,4,-59
1966,0,8,4,-59
1967,0,8,4,-59
1968,0,8,4,-59
1969,0,8,4,-59
1970,0,8,4,-59
1971,0,8,4,-59
1972,0,8,4,-59
1973,0,8,4,-59
1974,0,8,4,-59
1975,0,8,4,-59
1976,0,8,4,-59
1977,0,8,4,-59
1978,0,8,4,-59
1979,0,8,4,-59
1980,1,8,4,-69
1981,1,8,4,-70
1982,1,8,4,-69
1983,1,8,4,-70
1984,1,8,4,-69
1985,1,8,4,-69
1986,1,8,4,-69
1987,1,8,4,-70
1988,1,8,4,-69
1989,1,8,4,-69
1990,1,8,4,-69
1991,1,8,4,-69
1992,1,8,4,-69
1993,1,8,4,-69
1994,1,8,4,-69
1995,1,8,4,-69
1996,1,8,4,-69
1997,1,8,4,-69
1998,1,8,4,-69
1999,1,8,4,-70
