ExpCount,TxPowerA,TxPowerB,Mode,TimeDelta,RxCount,TxCount
0,8,-8,0,-50,20,20
1,8,-8,0,-45,20,20
2,8,-8,0,-40,20,20
3,8,-8,0,-35,20,20
4,8,-8,0,-30,20,20
5,8,-8,0,-25,20,20
6,8,-8,0,-20,20,20
7,8,-8,0,-15,20,20
8,8,-8,0,-14,20,20
9,8,-8,0,-13,20,20
10,8,-8,0,-12,20,20
11,8,-8,0,-11,20,20
12,8,-8,0,-10,20,20
13,8,-8,0,-9,20,20
14,8,-8,0,-8,20,20
15,8,-8,0,-7,20,20
16,8,-8,0,-6,20,20
17,8,-8,0,-5,20,20
18,8,-8,0,-4,20,20
19,8,-8,0,-3,20,20
20,8,-8,0,-2,20,20
21,8,-8,0,-1,20,20
22,8,-8,0,0,19,20
23,8,-8,0,1,20,20
24,8,-8,0,2,20,20
25,8,-8,0,3,20,20
26,8,-8,0,4,20,20
27,8,-8,0,5,20,20
28,8,-8,0,6,20,20
29,8,-8,0,7,20,20
30,8,-8,0,8,20,20
31,8,-8,0,9,20,20
32,8,-8,0,10,20,20
33,8,-8,0,11,20,20
34,8,-8,0,12,20,20
35,8,-8,0,13,20,20
36,8,-8,0,14,20,20
37,8,-8,0,15,20,20
38,8,-8,0,20,20,20
39,8,-8,0,25,20,20
40,8,-8,0,30,20,20
41,8,-8,0,35,20,20
42,8,-8,0,40,20,20
43,8,-8,0,45,20,20
44,8,-8,0,50,20,20
45,8,-4,0,-50,20,20
46,8,-4,0,-45,20,20
47,8,-4,0,-40,20,20
48,8,-4,0,-35,20,20
49,8,-4,0,-30,20,20
50,8,-4,0,-25,20,20
51,8,-4,0,-20,20,20
52,8,-4,0,-15,20,20
53,8,-4,0,-14,20,20
54,8,-4,0,-13,20,20
55,8,-4,0,-12,20,20
56,8,-4,0,-11,20,20
57,8,-4,0,-10,20,20
58,8,-4,0,-9,20,20
59,8,-4,0,-8,20,20
60,8,-4,0,-7,20,20
61,8,-4,0,-6,20,20
62,8,-4,0,-5,20,20
63,8,-4,0,-4,20,20
64,8,-4,0,-3,20,20
65,8,-4,0,-2,20,20
66,8,-4,0,-1,20,20
67,8,-4,0,0,20,20
68,8,-4,0,1,20,20
69,8,-4,0,2,20,20
70,8,-4,0,3,20,20
71,8,-4,0,4,19,20
72,8,-4,0,5,20,20
73,8,-4,0,6,20,20
74,8,-4,0,7,20,20
75,8,-4,0,8,20,20
76,8,-4,0,9,20,20
77,8,-4,0,10,20,20
78,8,-4,0,11,20,20
79,8,-4,0,12,20,20
80,8,-4,0,13,20,20
81,8,-4,0,14,20,20
82,8,-4,0,15,20,20
83,8,-4,0,20,20,20
84,8,-4,0,25,20,20
85,8,-4,0,30,20,20
86,8,-4,0,35,20,20
87,8,-4,0,40,20,20
88,8,-4,0,45,20,20
89,8,-4,0,50,20,20
90,8,0,0,-50,20,20
91,8,0,0,-45,20,20
92,8,0,0,-40,20,20
93,8,0,0,-35,20,20
94,8,0,0,-30,20,20
95,8,0,0,-25,20,20
96,8,0,0,-20,20,20
97,8,0,0,-15,20,20
98,8,0,0,-14,20,20
99,8,0,0,-13,20,20
100,8,0,0,-12,20,20
101,8,0,0,-11,20,20
102,8,0,0,-10,20,20
103,8,0,0,-9,20,20
104,8,0,0,-8,20,20
105,8,0,0,-7,20,20
106,8,0,0,-6,20,20
107,8,0,0,-5,20,20
108,8,0,0,-4,20,20
109,8,0,0,-3,20,20
110,8,0,0,-2,20,20
111,8,0,0,-1,20,20
112,8,0,0,0,20,20
113,8,0,0,1,20,20
114,8,0,0,2,20,20
115,8,0,0,3,20,20
116,8,0,0,4,20,20
117,8,0,0,5,20,20
118,8,0,0,6,20,20
119,8,0,0,7,20,20
120,8,0,0,8,20,20
121,8,0,0,9,20,20
122,8,0,0,10,20,20
123,8,0,0,11,19,20
124,8,0,0,12,20,20
125,8,0,0,13,20,20
126,8,0,0,14,20,20
127,8,0,0,15,20,20
128,8,0,0,20,20,20
129,8,0,0,25,20,20
130,8,0,0,30,20,20
131,8,0,0,35,20,20
132,8,0,0,40,20,20
133,8,0,0,45,20,20
134,8,0,0,50,20,20
135,8,2,0,-50,19,20
136,8,2,0,-45,20,20
137,8,2,0,-40,17,20
138,8,2,0,-35,7,20
139,8,2,0,-30,8,20
140,8,2,0,-25,17,20
141,8,2,0,-20,11,20
142,8,2,0,-15,16,20
143,8,2,0,-14,13,20
144,8,2,0,-13,12,20
145,8,2,0,-12,11,20
146,8,2,0,-11,14,20
147,8,2,0,-10,13,20
148,8,2,0,-9,10,20
149,8,2,0,-8,14,20
150,8,2,0,-7,5,20
151,8,2,0,-6,7,20
152,8,2,0,-5,8,20
153,8,2,0,-4,6,20
154,8,2,0,-3,3,20
155,8,2,0,-2,4,20
156,8,2,0,-1,5,20
157,8,2,0,0,3,20
158,8,2,0,1,3,20
159,8,2,0,2,8,20
160,8,2,0,3,12,20
161,8,2,0,4,12,20
162,8,2,0,5,11,20
163,8,2,0,6,12,20
164,8,2,0,7,11,20
165,8,2,0,8,13,20
166,8,2,0,9,8,20
167,8,2,0,10,14,20
168,8,2,0,11,10,20
169,8,2,0,12,13,20
170,8,2,0,13,9,20
171,8,2,0,14,15,20
172,8,2,0,15,8,20
173,8,2,0,20,14,20
174,8,2,0,25,17,20
175,8,2,0,30,4,20
176,8,2,0,35,14,20
177,8,2,0,40,16,20
178,8,2,0,45,17,20
179,8,2,0,50,19,20
180,8,3,0,-50,12,20
181,8,3,0,-45,13,20
182,8,3,0,-40,5,20
183,8,3,0,-35,0,20
184,8,3,0,-30,0,20
185,8,3,0,-25,6,20
186,8,3,0,-20,3,20
187,8,3,0,-15,7,20
188,8,3,0,-14,7,20
189,8,3,0,-13,7,20
190,8,3,0,-12,6,20
191,8,3,0,-11,4,20
192,8,3,0,-10,1,20
193,8,3,0,-9,2,20
194,8,3,0,-8,1,20
195,8,3,0,-7,1,20
196,8,3,0,-6,0,20
197,8,3,0,-5,0,20
198,8,3,0,-4,0,20
199,8,3,0,-3,0,20
200,8,3,0,-2,0,20
201,8,3,0,-1,0,20
202,8,3,0,0,0,20
203,8,3,0,1,0,20
204,8,3,0,2,0,20
205,8,3,0,3,2,20
206,8,3,0,4,5,20
207,8,3,0,5,0,20
208,8,3,0,6,5,20
209,8,3,0,7,4,20
210,8,3,0,8,6,20
211,8,3,0,9,6,20
212,8,3,0,10,5,20
213,8,3,0,11,1,20
214,8,3,0,12,11,20
215,8,3,0,13,5,20
216,8,3,0,14,6,20
217,8,3,0,15,6,20
218,8,3,0,20,4,20
219,8,3,0,25,3,20
220,8,3,0,30,0,20
221,8,3,0,35,4,20
222,8,3,0,40,7,20
223,8,3,0,45,3,20
224,8,3,0,50,6,20
225,8,4,0,-50,1,20
226,8,4,0,-45,11,20
227,8,4,0,-40,6,20
228,8,4,0,-35,0,20
229,8,4,0,-30,1,20
230,8,4,0,-25,4,20
231,8,4,0,-20,5,20
232,8,4,0,-15,5,20
233,8,4,0,-14,8,20
234,8,4,0,-13,10,20
235,8,4,0,-12,6,20
236,8,4,0,-11,6,20
237,8,4,0,-10,2,20
238,8,4,0,-9,4,20
239,8,4,0,-8,0,20
240,8,4,0,-7,3,20
241,8,4,0,-6,0,20
242,8,4,0,-5,0,20
243,8,4,0,-4,0,20
244,8,4,0,-3,0,20
245,8,4,0,-2,0,20
246,8,4,0,-1,0,20
247,8,4,0,0,0,20
248,8,4,0,1,0,20
249,8,4,0,2,0,20
250,8,4,0,3,0,20
251,8,4,0,4,1,20
252,8,4,0,5,1,20
253,8,4,0,6,0,20
254,8,4,0,7,6,20
255,8,4,0,8,6,20
256,8,4,0,9,5,20
257,8,4,0,10,5,20
258,8,4,0,11,5,20
259,8,4,0,12,5,20
260,8,4,0,13,3,20
261,8,4,0,14,10,20
262,8,4,0,15,6,20
263,8,4,0,20,1,20
264,8,4,0,25,2,20
265,8,4,0,30,0,20
266,8,4,0,35,2,20
267,8,4,0,40,4,20
268,8,4,0,45,6,20
269,8,4,0,50,10,20
270,8,5,0,-50,13,20
271,8,5,0,-45,13,20
272,8,5,0,-40,16,20
273,8,5,0,-35,2,20
274,8,5,0,-30,7,20
275,8,5,0,-25,11,20
276,8,5,0,-20,7,20
277,8,5,0,-15,5,20
278,8,5,0,-14,10,20
279,8,5,0,-13,9,20
280,8,5,0,-12,9,20
281,8,5,0,-11,4,20
282,8,5,0,-10,8,20
283,8,5,0,-9,7,20
284,8,5,0,-8,11,20
285,8,5,0,-7,1,20
286,8,5,0,-6,5,20
287,8,5,0,-5,2,20
288,8,5,0,-4,1,20
289,8,5,0,-3,0,20
290,8,5,0,-2,0,20
291,8,5,0,-1,2,20
292,8,5,0,0,2,20
293,8,5,0,1,2,20
294,8,5,0,2,2,20
295,8,5,0,3,5,20
296,8,5,0,4,8,20
297,8,5,0,5,5,20
298,8,5,0,6,8,20
299,8,5,0,7,9,20
300,8,5,0,8,6,20
301,8,5,0,9,12,20
302,8,5,0,10,10,20
303,8,5,0,11,12,20
304,8,5,0,12,10,20
305,8,5,0,13,8,20
306,8,5,0,14,6,20
307,8,5,0,15,7,20
308,8,5,0,20,8,20
309,8,5,0,25,10,20
310,8,5,0,30,2,20
311,8,5,0,35,12,20
312,8,5,0,40,15,20
313,8,5,0,45,16,20
314,8,5,0,50,12,20
315,8,6,0,-50,19,20
316,8,6,0,-45,18,20
317,8,6,0,-40,20,20
318,8,6,0,-35,15,20
319,8,6,0,-30,10,20
320,8,6,0,-25,19,20
321,8,6,0,-20,12,20
322,8,6,0,-15,13,20
323,8,6,0,-14,14,20
324,8,6,0,-13,14,20
325,8,6,0,-12,14,20
326,8,6,0,-11,16,20
327,8,6,0,-10,18,20
328,8,6,0,-9,14,20
329,8,6,0,-8,17,20
330,8,6,0,-7,19,20
331,8,6,0,-6,13,20
332,8,6,0,-5,11,20
333,8,6,0,-4,11,20
334,8,6,0,-3,16,20
335,8,6,0,-2,8,20
336,8,6,0,-1,13,20
337,8,6,0,0,14,20
338,8,6,0,1,12,20
339,8,6,0,2,14,20
340,8,6,0,3,17,20
341,8,6,0,4,11,20
342,8,6,0,5,10,20
343,8,6,0,6,14,20
344,8,6,0,7,15,20
345,8,6,0,8,14,20
346,8,6,0,9,16,20
347,8,6,0,10,16,20
348,8,6,0,11,16,20
349,8,6,0,12,16,20
350,8,6,0,13,12,20
351,8,6,0,14,13,20
352,8,6,0,15,12,20
353,8,6,0,20,15,20
354,8,6,0,25,17,20
355,8,6,0,30,13,20
356,8,6,0,35,19,20
357,8,6,0,40,20,20
358,8,6,0,45,20,20
359,8,6,0,50,20,20
360,8,7,0,-50,20,20
361,8,7,0,-45,20,20
362,8,7,0,-40,20,20
363,8,7,0,-35,15,20
364,8,7,0,-30,17,20
365,8,7,0,-25,20,20
366,8,7,0,-20,16,20
367,8,7,0,-15,20,20
368,8,7,0,-14,17,20
369,8,7,0,-13,13,20
370,8,7,0,-12,18,20
371,8,7,0,-11,18,20
372,8,7,0,-10,18,20
373,8,7,0,-9,19,20
374,8,7,0,-8,20,20
375,8,7,0,-7,20,20
376,8,7,0,-6,19,20
377,8,7,0,-5,17,20
378,8,7,0,-4,18,20
379,8,7,0,-3,18,20
380,8,7,0,-2,19,20
381,8,7,0,-1,19,20
382,8,7,0,0,20,20
383,8,7,0,1,16,20
384,8,7,0,2,17,20
385,8,7,0,3,15,20
386,8,7,0,4,14,20
387,8,7,0,5,19,20
388,8,7,0,6,18,20
389,8,7,0,7,17,20
390,8,7,0,8,18,20
391,8,7,0,9,17,20
392,8,7,0,10,18,20
393,8,7,0,11,16,20
394,8,7,0,12,18,20
395,8,7,0,13,17,20
396,8,7,0,14,17,20
397,8,7,0,15,18,20
398,8,7,0,20,20,20
399,8,7,0,25,18,20
400,8,7,0,30,18,20
401,8,7,0,35,20,20
402,8,7,0,40,20,20
403,8,7,0,45,20,20
404,8,7,0,50,20,20
405,8,8,0,-50,20,20
406,8,8,0,-45,20,20
407,8,8,0,-40,20,20
408,8,8,0,-35,20,20
409,8,8,0,-30,20,20
410,8,8,0,-25,20,20
411,8,8,0,-20,20,20
412,8,8,0,-15,20,20
413,8,8,0,-14,20,20
414,8,8,0,-13,20,20
415,8,8,0,-12,20,20
416,8,8,0,-11,20,20
417,8,8,0,-10,18,20
418,8,8,0,-9,20,20
419,8,8,0,-8,20,20
420,8,8,0,-7,20,20
421,8,8,0,-6,20,20
422,8,8,0,-5,20,20
423,8,8,0,-4,20,20
424,8,8,0,-3,19,20
425,8,8,0,-2,20,20
426,8,8,0,-1,20,20
427,8,8,0,0,20,20
428,8,8,0,1,20,20
429,8,8,0,2,19,20
430,8,8,0,3,19,20
431,8,8,0,4,19,20
432,8,8,0,5,19,20
433,8,8,0,6,19,20
434,8,8,0,7,19,20
435,8,8,0,8,20,20
436,8,8,0,9,20,20
437,8,8,0,10,20,20
438,8,8,0,11,20,20
439,8,8,0,12,20,20
440,8,8,0,13,20,20
441,8,8,0,14,20,20
442,8,8,0,15,20,20
443,8,8,0,20,20,20
444,8,8,0,25,20,20
445,8,8,0,30,20,20
446,8,8,0,35,20,20
447,8,8,0,40,20,20
448,8,8,0,45,20,20
449,8,8,0,50,20,20
450,-8,8,0,-50,20,20
451,-8,8,0,-45,20,20
452,-8,8,0,-40,20,20
453,-8,8,0,-35,20,20
454,-8,8,0,-30,20,20
455,-8,8,0,-25,20,20
456,-8,8,0,-20,20,20
457,-8,8,0,-15,20,20
458,-8,8,0,-14,20,20
459,-8,8,0,-13,20,20
460,-8,8,0,-12,20,20
461,-8,8,0,-11,20,20
462,-8,8,0,-10,20,20
463,-8,8,0,-9,20,20
464,-8,8,0,-8,20,20
465,-8,8,0,-7,20,20
466,-8,8,0,-6,20,20
467,-8,8,0,-5,20,20
468,-8,8,0,-4,20,20
469,-8,8,0,-3,20,20
470,-8,8,0,-2,20,20
471,-8,8,0,-1,20,20
472,-8,8,0,0,20,20
473,-8,8,0,1,20,20
474,-8,8,0,2,20,20
475,-8,8,0,3,20,20
476,-8,8,0,4,20,20
477,-8,8,0,5,20,20
478,-8,8,0,6,20,20
479,-8,8,0,7,20,20
480,-8,8,0,8,20,20
481,-8,8,0,9,20,20
482,-8,8,0,10,20,20
483,-8,8,0,11,20,20
484,-8,8,0,12,20,20
485,-8,8,0,13,20,20
486,-8,8,0,14,20,20
487,-8,8,0,15,20,20
488,-8,8,0,20,20,20
489,-8,8,0,25,20,20
490,-8,8,0,30,20,20
491,-8,8,0,35,20,20
492,-8,8,0,40,20,20
493,-8,8,0,45,20,20
494,-8,8,0,50,20,20
495,-4,8,0,-50,20,20
496,-4,8,0,-45,20,20
497,-4,8,0,-40,20,20
498,-4,8,0,-35,20,20
499,-4,8,0,-30,20,20
500,-4,8,0,-25,20,20
501,-4,8,0,-20,20,20
502,-4,8,0,-15,20,20
503,-4,8,0,-14,20,20
504,-4,8,0,-13,20,20
505,-4,8,0,-12,20,20
506,-4,8,0,-11,20,20
507,-4,8,0,-10,20,20
508,-4,8,0,-9,20,20
509,-4,8,0,-8,20,20
510,-4,8,0,-7,20,20
511,-4,8,0,-6,20,20
512,-4,8,0,-5,20,20
513,-4,8,0,-4,20,20
514,-4,8,0,-3,20,20
515,-4,8,0,-2,20,20
516,-4,8,0,-1,20,20
517,-4,8,0,0,20,20
518,-4,8,0,1,20,20
519,-4,8,0,2,20,20
520,-4,8,0,3,20,20
521,-4,8,0,4,20,20
522,-4,8,0,5,20,20
523,-4,8,0,6,20,20
524,-4,8,0,7,20,20
525,-4,8,0,8,20,20
526,-4,8,0,9,20,20
527,-4,8,0,10,20,20
528,-4,8,0,11,20,20
529,-4,8,0,12,20,20
530,-4,8,0,13,20,20
531,-4,8,0,14,20,20
532,-4,8,0,15,20,20
533,-4,8,0,20,20,20
534,-4,8,0,25,20,20
535,-4,8,0,30,20,20
536,-4,8,0,35,20,20
537,-4,8,0,40,20,20
538,-4,8,0,45,20,20
539,-4,8,0,50,20,20
540,0,8,0,-50,20,20
541,0,8,0,-45,20,20
542,0,8,0,-40,20,20
543,0,8,0,-35,20,20
544,0,8,0,-30,20,20
545,0,8,0,-25,20,20
546,0,8,0,-20,20,20
547,0,8,0,-15,20,20
548,0,8,0,-14,20,20
549,0,8,0,-13,20,20
550,0,8,0,-12,20,20
551,0,8,0,-11,20,20
552,0,8,0,-10,20,20
553,0,8,0,-9,20,20
554,0,8,0,-8,20,20
555,0,8,0,-7,20,20
556,0,8,0,-6,20,20
557,0,8,0,-5,20,20
558,0,8,0,-4,20,20
559,0,8,0,-3,20,20
560,0,8,0,-2,20,20
561,0,8,0,-1,20,20
562,0,8,0,0,20,20
563,0,8,0,1,20,20
564,0,8,0,2,20,20
565,0,8,0,3,20,20
566,0,8,0,4,20,20
567,0,8,0,5,20,20
568,0,8,0,6,20,20
569,0,8,0,7,20,20
570,0,8,0,8,20,20
571,0,8,0,9,20,20
572,0,8,0,10,20,20
573,0,8,0,11,20,20
574,0,8,0,12,20,20
575,0,8,0,13,20,20
576,0,8,0,14,20,20
577,0,8,0,15,20,20
578,0,8,0,20,20,20
579,0,8,0,25,20,20
580,0,8,0,30,20,20
581,0,8,0,35,20,20
582,0,8,0,40,20,20
583,0,8,0,45,20,20
584,0,8,0,50,20,20
585,2,8,0,-50,20,20
586,2,8,0,-45,20,20
587,2,8,0,-40,20,20
588,2,8,0,-35,20,20
589,2,8,0,-30,20,20
590,2,8,0,-25,20,20
591,2,8,0,-20,20,20
592,2,8,0,-15,20,20
593,2,8,0,-14,20,20
594,2,8,0,-13,20,20
595,2,8,0,-12,20,20
596,2,8,0,-11,20,20
597,2,8,0,-10,20,20
598,2,8,0,-9,20,20
599,2,8,0,-8,20,20
600,2,8,0,-7,20,20
601,2,8,0,-6,20,20
602,2,8,0,-5,20,20
603,2,8,0,-4,20,20
604,2,8,0,-3,20,20
605,2,8,0,-2,20,20
606,2,8,0,-1,20,20
607,2,8,0,0,20,20
608,2,8,0,1,20,20
609,2,8,0,2,20,20
610,2,8,0,3,20,20
611,2,8,0,4,20,20
612,2,8,0,5,20,20
613,2,8,0,6,20,20
614,2,8,0,7,20,20
615,2,8,0,8,20,20
616,2,8,0,9,20,20
617,2,8,0,10,20,20
618,2,8,0,11,20,20
619,2,8,0,12,20,20
620,2,8,0,13,20,20
621,2,8,0,14,20,20
622,2,8,0,15,20,20
623,2,8,0,20,20,20
624,2,8,0,25,20,20
625,2,8,0,30,20,20
626,2,8,0,35,20,20
627,2,8,0,40,20,20
628,2,8,0,45,20,20
629,2,8,0,50,20,20
630,3,8,0,-50,20,20
631,3,8,0,-45,20,20
632,3,8,0,-40,20,20
633,3,8,0,-35,20,20
634,3,8,0,-30,20,20
635,3,8,0,-25,20,20
636,3,8,0,-20,20,20
637,3,8,0,-15,20,20
638,3,8,0,-14,20,20
639,3,8,0,-13,20,20
640,3,8,0,-12,20,20
641,3,8,0,-11,20,20
642,3,8,0,-10,20,20
643,3,8,0,-9,20,20
644,3,8,0,-8,20,20
645,3,8,0,-7,20,20
646,3,8,0,-6,20,20
647,3,8,0,-5,20,20
648,3,8,0,-4,20,20
649,3,8,0,-3,20,20
650,3,8,0,-2,20,20
651,3,8,0,-1,20,20
652,3,8,0,0,20,20
653,3,8,0,1,20,20
654,3,8,0,2,20,20
655,3,8,0,3,20,20
656,3,8,0,4,20,20
657,3,8,0,5,20,20
658,3,8,0,6,20,20
659,3,8,0,7,20,20
660,3,8,0,8,20,20
661,3,8,0,9,20,20
662,3,8,0,10,20,20
663,3,8,0,11,20,20
664,3,8,0,12,20,20
665,3,8,0,13,20,20
666,3,8,0,14,20,20
667,3,8,0,15,20,20
668,3,8,0,20,20,20
669,3,8,0,25,20,20
670,3,8,0,30,20,20
671,3,8,0,35,20,20
672,3,8,0,40,20,20
673,3,8,0,45,20,20
674,3,8,0,50,20,20
675,4,8,0,-50,20,20
676,4,8,0,-45,20,20
677,4,8,0,-40,20,20
678,4,8,0,-35,20,20
679,4,8,0,-30,20,20
680,4,8,0,-25,20,20
681,4,8,0,-20,20,20
682,4,8,0,-15,20,20
683,4,8,0,-14,20,20
684,4,8,0,-13,20,20
685,4,8,0,-12,20,20
686,4,8,0,-11,20,20
687,4,8,0,-10,20,20
688,4,8,0,-9,20,20
689,4,8,0,-8,20,20
690,4,8,0,-7,20,20
691,4,8,0,-6,20,20
692,4,8,0,-5,20,20
693,4,8,0,-4,20,20
694,4,8,0,-3,20,20
695,4,8,0,-2,20,20
696,4,8,0,-1,20,20
697,4,8,0,0,20,20
698,4,8,0,1,20,20
699,4,8,0,2,20,20
700,4,8,0,3,20,20
701,4,8,0,4,20,20
702,4,8,0,5,20,20
703,4,8,0,6,20,20
704,4,8,0,7,20,20
705,4,8,0,8,20,20
706,4,8,0,9,20,20
707,4,8,0,10,20,20
708,4,8,0,11,20,20
709,4,8,0,12,20,20
710,4,8,0,13,20,20
711,4,8,0,14,20,20
712,4,8,0,15,20,20
713,4,8,0,20,20,20
714,4,8,0,25,20,20
715,4,8,0,30,20,20
716,4,8,0,35,20,20
717,4,8,0,40,20,20
718,4,8,0,45,20,20
719,4,8,0,50,20,20
720,5,8,0,-50,20,20
721,5,8,0,-45,20,20
722,5,8,0,-40,20,20
723,5,8,0,-35,20,20
724,5,8,0,-30,20,20
725,5,8,0,-25,20,20
726,5,8,0,-20,20,20
727,5,8,0,-15,20,20
728,5,8,0,-14,20,20
729,5,8,0,-13,20,20
730,5,8,0,-12,20,20
731,5,8,0,-11,20,20
732,5,8,0,-10,19,20
733,5,8,0,-9,20,20
734,5,8,0,-8,20,20
735,5,8,0,-7,20,20
736,5,8,0,-6,20,20
737,5,8,0,-5,20,20
738,5,8,0,-4,20,20
739,5,8,0,-3,20,20
740,5,8,0,-2,20,20
741,5,8,0,-1,20,20
742,5,8,0,0,20,20
743,5,8,0,1,20,20
744,5,8,0,2,20,20
745,5,8,0,3,20,20
746,5,8,0,4,20,20
747,5,8,0,5,20,20
748,5,8,0,6,20,20
749,5,8,0,7,20,20
750,5,8,0,8,20,20
751,5,8,0,9,20,20
752,5,8,0,10,20,20
753,5,8,0,11,20,20
754,5,8,0,12,20,20
755,5,8,0,13,20,20
756,5,8,0,14,20,20
757,5,8,0,15,20,20
758,5,8,0,20,20,20
759,5,8,0,25,20,20
760,5,8,0,30,20,20
761,5,8,0,35,20,20
762,5,8,0,40,20,20
763,5,8,0,45,20,20
764,5,8,0,50,20,20
765,6,8,0,-50,20,20
766,6,8,0,-45,20,20
767,6,8,0,-40,20,20
768,6,8,0,-35,20,20
769,6,8,0,-30,20,20
770,6,8,0,-25,20,20
771,6,8,0,-20,20,20
772,6,8,0,-15,20,20
773,6,8,0,-14,20,20
774,6,8,0,-13,20,20
775,6,8,0,-12,20,20
776,6,8,0,-11,20,20
777,6,8,0,-10,19,20
778,6,8,0,-9,20,20
779,6,8,0,-8,20,20
780,6,8,0,-7,20,20
781,6,8,0,-6,20,20
782,6,8,0,-5,20,20
783,6,8,0,-4,20,20
784,6,8,0,-3,20,20
785,6,8,0,-2,20,20
786,6,8,0,-1,20,20
787,6,8,0,0,20,20
788,6,8,0,1,20,20
789,6,8,0,2,20,20
790,6,8,0,3,20,20
791,6,8,0,4,20,20
792,6,8,0,5,20,20
793,6,8,0,6,20,20
794,6,8,0,7,19,20
795,6,8,0,8,20,20
796,6,8,0,9,20,20
797,6,8,0,10,20,20
798,6,8,0,11,20,20
799,6,8,0,12,20,20
800,6,8,0,13,20,20
801,6,8,0,14,20,20
802,6,8,0,15,20,20
803,6,8,0,20,20,20
804,6,8,0,25,20,20
805,6,8,0,30,20,20
806,6,8,0,35,20,20
807,6,8,0,40,20,20
808,6,8,0,45,20,20
809,6,8,0,50,20,20
810,7,8,0,-50,20,20
811,7,8,0,-45,20,20
812,7,8,0,-40,20,20
813,7,8,0,-35,20,20
814,7,8,0,-30,20,20
815,7,8,0,-25,20,20
816,7,8,0,-20,20,20
817,7,8,0,-15,20,20
818,7,8,0,-14,20,20
819,7,8,0,-13,20,20
820,7,8,0,-12,20,20
821,7,8,0,-11,20,20
822,7,8,0,-10,19,20
823,7,8,0,-9,20,20
824,7,8,0,-8,20,20
825,7,8,0,-7,20,20
826,7,8,0,-6,20,20
827,7,8,0,-5,20,20
828,7,8,0,-4,20,20
829,7,8,0,-3,20,20
830,7,8,0,-2,20,20
831,7,8,0,-1,20,20
832,7,8,0,0,20,20
833,7,8,0,1,20,20
834,7,8,0,2,20,20
835,7,8,0,3,20,20
836,7,8,0,4,20,20
837,7,8,0,5,19,20
838,7,8,0,6,20,20
839,7,8,0,7,20,20
840,7,8,0,8,20,20
841,7,8,0,9,20,20
842,7,8,0,10,20,20
843,7,8,0,11,20,20
844,7,8,0,12,20,20
845,7,8,0,13,20,20
846,7,8,0,14,20,20
847,7,8,0,15,20,20
848,7,8,0,20,20,20
849,7,8,0,25,20,20
850,7,8,0,30,20,20
851,7,8,0,35,20,20
852,7,8,0,40,20,20
853,7,8,0,45,20,20
854,7,8,0,50,20,20
855,8,8,0,-50,20,20
856,8,8,0,-45,20,20
857,8,8,0,-40,20,20
858,8,8,0,-35,20,20
859,8,8,0,-30,19,20
860,8,8,0,-25,20,20
861,8,8,0,-20,20,20
862,8,8,0,-15,20,20
863,8,8,0,-14,20,20
864,8,8,0,-13,20,20
865,8,8,0,-12,17,20
866,8,8,0,-11,18,20
867,8,8,0,-10,18,20
868,8,8,0,-9,19,20
869,8,8,0,-8,20,20
870,8,8,0,-7,19,20
871,8,8,0,-6,20,20
872,8,8,0,-5,20,20
873,8,8,0,-4,20,20
874,8,8,0,-3,20,20
875,8,8,0,-2,19,20
876,8,8,0,-1,20,20
877,8,8,0,0,20,20
878,8,8,0,1,20,20
879,8,8,0,2,20,20
880,8,8,0,3,19,20
881,8,8,0,4,17,20
882,8,8,0,5,18,20
883,8,8,0,6,19,20
884,8,8,0,7,19,20
885,8,8,0,8,19,20
886,8,8,0,9,19,20
887,8,8,0,10,20,20
888,8,8,0,11,20,20
889,8,8,0,12,19,20
890,8,8,0,13,20,20
891,8,8,0,14,20,20
892,8,8,0,15,20,20
893,8,8,0,20,20,20
894,8,8,0,25,20,20
895,8,8,0,30,20,20
896,8,8,0,35,20,20
897,8,8,0,40,20,20
898,8,8,0,45,20,20
899,8,8,0,50,20,20
900,8,-8,1,-50,20,20
901,8,-8,1,-45,20,20
902,8,-8,1,-40,20,20
903,8,-8,1,-35,20,20
904,8,-8,1,-30,20,20
905,8,-8,1,-25,20,20
906,8,-8,1,-20,20,20
907,8,-8,1,-15,20,20
908,8,-8,1,-14,20,20
909,8,-8,1,-13,20,20
910,8,-8,1,-12,20,20
911,8,-8,1,-11,20,20
912,8,-8,1,-10,20,20
913,8,-8,1,-9,20,20
914,8,-8,1,-8,20,20
915,8,-8,1,-7,20,20
916,8,-8,1,-6,20,20
917,8,-8,1,-5,20,20
918,8,-8,1,-4,20,20
919,8,-8,1,-3,20,20
920,8,-8,1,-2,20,20
921,8,-8,1,-1,20,20
922,8,-8,1,0,20,20
923,8,-8,1,1,20,20
924,8,-8,1,2,20,20
925,8,-8,1,3,20,20
926,8,-8,1,4,20,20
927,8,-8,1,5,20,20
928,8,-8,1,6,20,20
929,8,-8,1,7,20,20
930,8,-8,1,8,20,20
931,8,-8,1,9,20,20
932,8,-8,1,10,20,20
933,8,-8,1,11,20,20
934,8,-8,1,12,20,20
935,8,-8,1,13,20,20
936,8,-8,1,14,20,20
937,8,-8,1,15,20,20
938,8,-8,1,20,20,20
939,8,-8,1,25,20,20
940,8,-8,1,30,20,20
941,8,-8,1,35,20,20
942,8,-8,1,40,20,20
943,8,-8,1,45,20,20
944,8,-8,1,50,20,20
945,8,-4,1,-50,20,20
946,8,-4,1,-45,20,20
947,8,-4,1,-40,20,20
948,8,-4,1,-35,20,20
949,8,-4,1,-30,20,20
950,8,-4,1,-25,20,20
951,8,-4,1,-20,20,20
952,8,-4,1,-15,20,20
953,8,-4,1,-14,20,20
954,8,-4,1,-13,20,20
955,8,-4,1,-12,20,20
956,8,-4,1,-11,20,20
957,8,-4,1,-10,20,20
958,8,-4,1,-9,20,20
959,8,-4,1,-8,20,20
960,8,-4,1,-7,20,20
961,8,-4,1,-6,20,20
962,8,-4,1,-5,20,20
963,8,-4,1,-4,20,20
964,8,-4,1,-3,20,20
965,8,-4,1,-2,20,20
966,8,-4,1,-1,20,20
967,8,-4,1,0,20,20
968,8,-4,1,1,20,20
969,8,-4,1,2,20,20
970,8,-4,1,3,20,20
971,8,-4,1,4,20,20
972,8,-4,1,5,20,20
973,8,-4,1,6,20,20
974,8,-4,1,7,20,20
975,8,-4,1,8,20,20
976,8,-4,1,9,20,20
977,8,-4,1,10,20,20
978,8,-4,1,11,20,20
979,8,-4,1,12,20,20
980,8,-4,1,13,20,20
981,8,-4,1,14,20,20
982,8,-4,1,15,20,20
983,8,-4,1,20,20,20
984,8,-4,1,25,20,20
985,8,-4,1,30,20,20
986,8,-4,1,35,20,20
987,8,-4,1,40,20,20
988,8,-4,1,45,20,20
989,8,-4,1,50,20,20
990,8,0,1,-50,14,20
991,8,0,1,-45,16,20
992,8,0,1,-40,17,20
993,8,0,1,-35,16,20
994,8,0,1,-30,18,20
995,8,0,1,-25,13,20
996,8,0,1,-20,14,20
997,8,0,1,-15,11,20
998,8,0,1,-14,16,20
999,8,0,1,-13,13,20
1000,8,0,1,-12,12,20
1001,8,0,1,-11,16,20
1002,8,0,1,-10,10,20
1003,8,0,1,-9,14,20
1004,8,0,1,-8,17,20
1005,8,0,1,-7,17,20
1006,8,0,1,-6,15,20
1007,8,0,1,-5,20,20
1008,8,0,1,-4,18,20
1009,8,0,1,-3,18,20
1010,8,0,1,-2,20,20
1011,8,0,1,-1,20,20
1012,8,0,1,0,18,20
1013,8,0,1,1,18,20
1014,8,0,1,2,20,20
1015,8,0,1,3,17,20
1016,8,0,1,4,17,20
1017,8,0,1,5,17,20
1018,8,0,1,6,16,20
1019,8,0,1,7,16,20
1020,8,0,1,8,15,20
1021,8,0,1,9,16,20
1022,8,0,1,10,13,20
1023,8,0,1,11,15,20
1024,8,0,1,12,18,20
1025,8,0,1,13,13,20
1026,8,0,1,14,15,20
1027,8,0,1,15,19,20
1028,8,0,1,20,17,20
1029,8,0,1,25,13,20
1030,8,0,1,30,14,20
1031,8,0,1,35,18,20
1032,8,0,1,40,19,20
1033,8,0,1,45,19,20
1034,8,0,1,50,17,20
1035,8,2,1,-50,0,20
1036,8,2,1,-45,0,20
1037,8,2,1,-40,0,20
1038,8,2,1,-35,0,20
1039,8,2,1,-30,0,20
1040,8,2,1,-25,0,20
1041,8,2,1,-20,0,20
1042,8,2,1,-15,0,20
1043,8,2,1,-14,0,20
1044,8,2,1,-13,0,20
1045,8,2,1,-12,0,20
1046,8,2,1,-11,0,20
1047,8,2,1,-10,0,20
1048,8,2,1,-9,0,20
1049,8,2,1,-8,0,20
1050,8,2,1,-7,0,20
1051,8,2,1,-6,0,20
1052,8,2,1,-5,0,20
1053,8,2,1,-4,0,20
1054,8,2,1,-3,0,20
1055,8,2,1,-2,0,20
1056,8,2,1,-1,0,20
1057,8,2,1,0,0,20
1058,8,2,1,1,0,20
1059,8,2,1,2,0,20
1060,8,2,1,3,0,20
1061,8,2,1,4,0,20
1062,8,2,1,5,0,20
1063,8,2,1,6,1,20
1064,8,2,1,7,0,20
1065,8,2,1,8,0,20
1066,8,2,1,9,0,20
1067,8,2,1,10,0,20
1068,8,2,1,11,0,20
1069,8,2,1,12,0,20
1070,8,2,1,13,0,20
1071,8,2,1,14,0,20
1072,8,2,1,15,0,20
1073,8,2,1,20,0,20
1074,8,2,1,25,1,20
1075,8,2,1,30,0,20
1076,8,2,1,35,0,20
1077,8,2,1,40,0,20
1078,8,2,1,45,0,20
1079,8,2,1,50,0,20
1080,8,3,1,-50,0,20
1081,8,3,1,-45,0,20
1082,8,3,1,-40,0,20
1083,8,3,1,-35,0,20
1084,8,3,1,-30,0,20
1085,8,3,1,-25,0,20
1086,8,3,1,-20,0,20
1087,8,3,1,-15,0,20
1088,8,3,1,-14,0,20
1089,8,3,1,-13,0,20
1090,8,3,1,-12,0,20
1091,8,3,1,-11,0,20
1092,8,3,1,-10,0,20
1093,8,3,1,-9,0,20
1094,8,3,1,-8,0,20
1095,8,3,1,-7,0,20
1096,8,3,1,-6,0,20
1097,8,3,1,-5,0,20
1098,8,3,1,-4,0,20
1099,8,3,1,-3,0,20
1100,8,3,1,-2,0,20
1101,8,3,1,-1,0,20
1102,8,3,1,0,0,20
1103,8,3,1,1,0,20
1104,8,3,1,2,0,20
1105,8,3,1,3,0,20
1106,8,3,1,4,0,20
1107,8,3,1,5,0,20
1108,8,3,1,6,0,20
1109,8,3,1,7,0,20
1110,8,3,1,8,0,20
1111,8,3,1,9,0,20
1112,8,3,1,10,0,20
1113,8,3,1,11,0,20
1114,8,3,1,12,0,20
1115,8,3,1,13,0,20
1116,8,3,1,14,0,20
1117,8,3,1,15,0,20
1118,8,3,1,20,0,20
1119,8,3,1,25,0,20
1120,8,3,1,30,0,20
1121,8,3,1,35,0,20
1122,8,3,1,40,0,20
1123,8,3,1,45,0,20
1124,8,3,1,50,0,20
1125,8,4,1,-50,0,20
1126,8,4,1,-45,0,20
1127,8,4,1,-40,0,20
1128,8,4,1,-35,0,20
1129,8,4,1,-30,0,20
1130,8,4,1,-25,0,20
1131,8,4,1,-20,0,20
1132,8,4,1,-15,0,20
1133,8,4,1,-14,0,20
1134,8,4,1,-13,0,20
1135,8,4,1,-12,0,20
1136,8,4,1,-11,0,20
1137,8,4,1,-10,0,20
1138,8,4,1,-9,0,20
1139,8,4,1,-8,0,20
1140,8,4,1,-7,0,20
1141,8,4,1,-6,0,20
1142,8,4,1,-5,0,20
1143,8,4,1,-4,0,20
1144,8,4,1,-3,0,20
1145,8,4,1,-2,0,20
1146,8,4,1,-1,0,20
1147,8,4,1,0,0,20
1148,8,4,1,1,0,20
1149,8,4,1,2,0,20
1150,8,4,1,3,0,20
1151,8,4,1,4,0,20
1152,8,4,1,5,0,20
1153,8,4,1,6,0,20
1154,8,4,1,7,0,20
1155,8,4,1,8,0,20
1156,8,4,1,9,0,20
1157,8,4,1,10,0,20
1158,8,4,1,11,0,20
1159,8,4,1,12,0,20
1160,8,4,1,13,0,20
1161,8,4,1,14,0,20
1162,8,4,1,15,0,20
1163,8,4,1,20,0,20
1164,8,4,1,25,0,20
1165,8,4,1,30,0,20
1166,8,4,1,35,0,20
1167,8,4,1,40,0,20
1168,8,4,1,45,0,20
1169,8,4,1,50,0,20
1170,8,5,1,-50,0,20
1171,8,5,1,-45,0,20
1172,8,5,1,-40,0,20
1173,8,5,1,-35,0,20
1174,8,5,1,-30,0,20
1175,8,5,1,-25,0,20
1176,8,5,1,-20,0,20
1177,8,5,1,-15,0,20
1178,8,5,1,-14,0,20
1179,8,5,1,-13,0,20
1180,8,5,1,-12,0,20
1181,8,5,1,-11,0,20
1182,8,5,1,-10,0,20
1183,8,5,1,-9,0,20
1184,8,5,1,-8,0,20
1185,8,5,1,-7,0,20
1186,8,5,1,-6,0,20
1187,8,5,1,-5,0,20
1188,8,5,1,-4,0,20
1189,8,5,1,-3,0,20
1190,8,5,1,-2,0,20
1191,8,5,1,-1,0,20
1192,8,5,1,0,0,20
1193,8,5,1,1,0,20
1194,8,5,1,2,0,20
1195,8,5,1,3,0,20
1196,8,5,1,4,0,20
1197,8,5,1,5,0,20
1198,8,5,1,6,0,20
1199,8,5,1,7,0,20
1200,8,5,1,8,0,20
1201,8,5,1,9,0,20
1202,8,5,1,10,0,20
1203,8,5,1,11,0,20
1204,8,5,1,12,0,20
1205,8,5,1,13,0,20
1206,8,5,1,14,0,20
1207,8,5,1,15,0,20
1208,8,5,1,20,0,20
1209,8,5,1,25,0,20
1210,8,5,1,30,0,20
1211,8,5,1,35,0,20
1212,8,5,1,40,0,20
1213,8,5,1,45,0,20
1214,8,5,1,50,0,20
1215,8,6,1,-50,0,20
1216,8,6,1,-45,0,20
1217,8,6,1,-40,0,20
1218,8,6,1,-35,0,20
1219,8,6,1,-30,0,20
1220,8,6,1,-25,0,20
1221,8,6,1,-20,0,20
1222,8,6,1,-15,0,20
1223,8,6,1,-14,0,20
1224,8,6,1,-13,0,20
1225,8,6,1,-12,0,20
1226,8,6,1,-11,0,20
1227,8,6,1,-10,0,20
1228,8,6,1,-9,0,20
1229,8,6,1,-8,0,20
1230,8,6,1,-7,0,20
1231,8,6,1,-6,0,20
1232,8,6,1,-5,0,20
1233,8,6,1,-4,0,20
1234,8,6,1,-3,0,20
1235,8,6,1,-2,0,20
1236,8,6,1,-1,0,20
1237,8,6,1,0,0,20
1238,8,6,1,1,0,20
1239,8,6,1,2,0,20
1240,8,6,1,3,0,20
1241,8,6,1,4,0,20
1242,8,6,1,5,0,20
1243,8,6,1,6,0,20
1244,8,6,1,7,0,20
1245,8,6,1,8,0,20
1246,8,6,1,9,0,20
1247,8,6,1,10,0,20
1248,8,6,1,11,0,20
1249,8,6,1,12,0,20
1250,8,6,1,13,0,20
1251,8,6,1,14,0,20
1252,8,6,1,15,0,20
1253,8,6,1,20,0,20
1254,8,6,1,25,0,20
1255,8,6,1,30,0,20
1256,8,6,1,35,0,20
1257,8,6,1,40,0,20
1258,8,6,1,45,0,20
1259,8,6,1,50,0,20
1260,8,7,1,-50,0,20
1261,8,7,1,-45,0,20
1262,8,7,1,-40,0,20
1263,8,7,1,-35,0,20
1264,8,7,1,-30,0,20
1265,8,7,1,-25,0,20
1266,8,7,1,-20,0,20
1267,8,7,1,-15,0,20
1268,8,7,1,-14,0,20
1269,8,7,1,-13,0,20
1270,8,7,1,-12,0,20
1271,8,7,1,-11,0,20
1272,8,7,1,-10,0,20
1273,8,7,1,-9,0,20
1274,8,7,1,-8,0,20
1275,8,7,1,-7,0,20
1276,8,7,1,-6,0,20
1277,8,7,1,-5,0,20
1278,8,7,1,-4,0,20
1279,8,7,1,-3,0,20
1280,8,7,1,-2,0,20
1281,8,7,1,-1,0,20
1282,8,7,1,0,0,20
1283,8,7,1,1,0,20
1284,8,7,1,2,0,20
1285,8,7,1,3,0,20
1286,8,7,1,4,0,20
1287,8,7,1,5,0,20
1288,8,7,1,6,0,20
1289,8,7,1,7,0,20
1290,8,7,1,8,0,20
1291,8,7,1,9,0,20
1292,8,7,1,10,0,20
1293,8,7,1,11,0,20
1294,8,7,1,12,0,20
1295,8,7,1,13,0,20
1296,8,7,1,14,0,20
1297,8,7,1,15,0,20
1298,8,7,1,20,0,20
1299,8,7,1,25,0,20
1300,8,7,1,30,0,20
1301,8,7,1,35,0,20
1302,8,7,1,40,0,20
1303,8,7,1,45,0,20
1304,8,7,1,50,0,20
1305,8,8,1,-50,0,20
1306,8,8,1,-45,0,20
1307,8,8,1,-40,0,20
1308,8,8,1,-35,0,20
1309,8,8,1,-30,0,20
1310,8,8,1,-25,0,20
1311,8,8,1,-20,0,20
1312,8,8,1,-15,0,20
1313,8,8,1,-14,0,20
1314,8,8,1,-13,0,20
1315,8,8,1,-12,0,20
1316,8,8,1,-11,0,20
1317,8,8,1,-10,0,20
1318,8,8,1,-9,0,20
1319,8,8,1,-8,0,20
1320,8,8,1,-7,0,20
1321,8,8,1,-6,0,20
1322,8,8,1,-5,0,20
1323,8,8,1,-4,0,20
1324,8,8,1,-3,0,20
1325,8,8,1,-2,0,20
1326,8,8,1,-1,0,20
1327,8,8,1,0,0,20
1328,8,8,1,1,0,20
1329,8,8,1,2,0,20
1330,8,8,1,3,0,20
1331,8,8,1,4,0,20
1332,8,8,1,5,0,20
1333,8,8,1,6,0,20
1334,8,8,1,7,0,20
1335,8,8,1,8,0,20
1336,8,8,1,9,0,20
1337,8,8,1,10,0,20
1338,8,8,1,11,0,20
1339,8,8,1,12,0,20
1340,8,8,1,13,0,20
1341,8,8,1,14,0,20
1342,8,8,1,15,0,20
1343,8,8,1,20,0,20
1344,8,8,1,25,0,20
1345,8,8,1,30,0,20
1346,8,8,1,35,0,20
1347,8,8,1,40,0,20
1348,8,8,1,45,0,20
1349,8,8,1,50,0,20
1350,-8,8,1,-50,20,20
1351,-8,8,1,-45,20,20
1352,-8,8,1,-40,20,20
1353,-8,8,1,-35,20,20
1354,-8,8,1,-30,20,20
1355,-8,8,1,-25,20,20
1356,-8,8,1,-20,20,20
1357,-8,8,1,-15,20,20
1358,-8,8,1,-14,20,20
1359,-8,8,1,-13,20,20
1360,-8,8,1,-12,20,20
1361,-8,8,1,-11,20,20
1362,-8,8,1,-10,20,20
1363,-8,8,1,-9,20,20
1364,-8,8,1,-8,20,20
1365,-8,8,1,-7,20,20
1366,-8,8,1,-6,20,20
1367,-8,8,1,-5,20,20
1368,-8,8,1,-4,20,20
1369,-8,8,1,-3,20,20
1370,-8,8,1,-2,20,20
1371,-8,8,1,-1,20,20
1372,-8,8,1,0,20,20
1373,-8,8,1,1,20,20
1374,-8,8,1,2,20,20
1375,-8,8,1,3,20,20
1376,-8,8,1,4,20,20
1377,-8,8,1,5,20,20
1378,-8,8,1,6,20,20
1379,-8,8,1,7,20,20
1380,-8,8,1,8,20,20
1381,-8,8,1,9,20,20
1382,-8,8,1,10,20,20
1383,-8,8,1,11,20,20
1384,-8,8,1,12,20,20
1385,-8,8,1,13,20,20
1386,-8,8,1,14,20,20
1387,-8,8,1,15,20,20
1388,-8,8,1,20,20,20
1389,-8,8,1,25,20,20
1390,-8,8,1,30,20,20
1391,-8,8,1,35,20,20
1392,-8,8,1,40,20,20
1393,-8,8,1,45,20,20
1394,-8,8,1,50,20,20
1395,-4,8,1,-50,20,20
1396,-4,8,1,-45,20,20
1397,-4,8,1,-40,20,20
1398,-4,8,1,-35,20,20
1399,-4,8,1,-30,20,20
1400,-4,8,1,-25,20,20
1401,-4,8,1,-20,20,20
1402,-4,8,1,-15,20,20
1403,-4,8,1,-14,20,20
1404,-4,8,1,-13,20,20
1405,-4,8,1,-12,20,20
1406,-4,8,1,-11,20,20
1407,-4,8,1,-10,20,20
1408,-4,8,1,-9,20,20
1409,-4,8,1,-8,20,20
1410,-4,8,1,-7,20,20
1411,-4,8,1,-6,20,20
1412,-4,8,1,-5,20,20
1413,-4,8,1,-4,20,20
1414,-4,8,1,-3,20,20
1415,-4,8,1,-2,20,20
1416,-4,8,1,-1,20,20
1417,-4,8,1,0,20,20
1418,-4,8,1,1,20,20
1419,-4,8,1,2,20,20
1420,-4,8,1,3,20,20
1421,-4,8,1,4,20,20
1422,-4,8,1,5,20,20
1423,-4,8,1,6,20,20
1424,-4,8,1,7,20,20
1425,-4,8,1,8,20,20
1426,-4,8,1,9,20,20
1427,-4,8,1,10,20,20
1428,-4,8,1,11,20,20
1429,-4,8,1,12,20,20
1430,-4,8,1,13,20,20
1431,-4,8,1,14,20,20
1432,-4,8,1,15,20,20
1433,-4,8,1,20,20,20
1434,-4,8,1,25,20,20
1435,-4,8,1,30,20,20
1436,-4,8,1,35,20,20
1437,-4,8,1,40,20,20
1438,-4,8,1,45,20,20
1439,-4,8,1,50,20,20
1440,0,8,1,-50,20,20
1441,0,8,1,-45,20,20
1442,0,8,1,-40,20,20
1443,0,8,1,-35,20,20
1444,0,8,1,-30,19,20
1445,0,8,1,-25,20,20
1446,0,8,1,-20,20,20
1447,0,8,1,-15,20,20
1448,0,8,1,-14,20,20
1449,0,8,1,-13,20,20
1450,0,8,1,-12,20,20
1451,0,8,1,-11,17,20
1452,0,8,1,-10,20,20
1453,0,8,1,-9,20,20
1454,0,8,1,-8,20,20
1455,0,8,1,-7,20,20
1456,0,8,1,-6,20,20
1457,0,8,1,-5,20,20
1458,0,8,1,-4,20,20
1459,0,8,1,-3,20,20
1460,0,8,1,-2,20,20
1461,0,8,1,-1,20,20
1462,0,8,1,0,20,20
1463,0,8,1,1,20,20
1464,0,8,1,2,20,20
1465,0,8,1,3,20,20
1466,0,8,1,4,20,20
1467,0,8,1,5,20,20
1468,0,8,1,6,20,20
1469,0,8,1,7,20,20
1470,0,8,1,8,20,20
1471,0,8,1,9,20,20
1472,0,8,1,10,20,20
1473,0,8,1,11,20,20
1474,0,8,1,12,20,20
1475,0,8,1,13,20,20
1476,0,8,1,14,20,20
1477,0,8,1,15,20,20
1478,0,8,1,20,20,20
1479,0,8,1,25,20,20
1480,0,8,1,30,20,20
1481,0,8,1,35,19,20
1482,0,8,1,40,20,20
1483,0,8,1,45,20,20
1484,0,8,1,50,20,20
1485,2,8,1,-50,7,20
1486,2,8,1,-45,5,20
1487,2,8,1,-40,2,20
1488,2,8,1,-35,8,20
1489,2,8,1,-30,1,20
1490,2,8,1,-25,6,20
1491,2,8,1,-20,7,20
1492,2,8,1,-15,4,20
1493,2,8,1,-14,5,20
1494,2,8,1,-13,4,20
1495,2,8,1,-12,4,20
1496,2,8,1,-11,7,20
1497,2,8,1,-10,8,20
1498,2,8,1,-9,10,20
1499,2,8,1,-8,12,20
1500,2,8,1,-7,7,20
1501,2,8,1,-6,9,20
1502,2,8,1,-5,7,20
1503,2,8,1,-4,9,20
1504,2,8,1,-3,9,20
1505,2,8,1,-2,12,20
1506,2,8,1,-1,15,20
1507,2,8,1,0,13,20
1508,2,8,1,1,11,20
1509,2,8,1,2,10,20
1510,2,8,1,3,11,20
1511,2,8,1,4,10,20
1512,2,8,1,5,15,20
1513,2,8,1,6,14,20
1514,2,8,1,7,11,20
1515,2,8,1,8,7,20
1516,2,8,1,9,5,20
1517,2,8,1,10,8,20
1518,2,8,1,11,7,20
1519,2,8,1,12,3,20
1520,2,8,1,13,5,20
1521,2,8,1,14,7,20
1522,2,8,1,15,9,20
1523,2,8,1,20,8,20
1524,2,8,1,25,5,20
1525,2,8,1,30,9,20
1526,2,8,1,35,6,20
1527,2,8,1,40,5,20
1528,2,8,1,45,2,20
1529,2,8,1,50,2,20
1530,3,8,1,-50,0,20
1531,3,8,1,-45,0,20
1532,3,8,1,-40,0,20
1533,3,8,1,-35,0,20
1534,3,8,1,-30,2,20
1535,3,8,1,-25,2,20
1536,3,8,1,-20,0,20
1537,3,8,1,-15,0,20
1538,3,8,1,-14,0,20
1539,3,8,1,-13,1,20
1540,3,8,1,-12,0,20
1541,3,8,1,-11,0,20
1542,3,8,1,-10,1,20
1543,3,8,1,-9,1,20
1544,3,8,1,-8,1,20
1545,3,8,1,-7,3,20
1546,3,8,1,-6,3,20
1547,3,8,1,-5,2,20
1548,3,8,1,-4,8,20
1549,3,8,1,-3,4,20
1550,3,8,1,-2,3,20
1551,3,8,1,-1,4,20
1552,3,8,1,0,3,20
1553,3,8,1,1,4,20
1554,3,8,1,2,4,20
1555,3,8,1,3,2,20
1556,3,8,1,4,1,20
1557,3,8,1,5,4,20
1558,3,8,1,6,5,20
1559,3,8,1,7,2,20
1560,3,8,1,8,2,20
1561,3,8,1,9,1,20
1562,3,8,1,10,2,20
1563,3,8,1,11,3,20
1564,3,8,1,12,2,20
1565,3,8,1,13,2,20
1566,3,8,1,14,0,20
1567,3,8,1,15,0,20
1568,3,8,1,20,1,20
1569,3,8,1,25,0,20
1570,3,8,1,30,0,20
1571,3,8,1,35,0,20
1572,3,8,1,40,0,20
1573,3,8,1,45,0,20
1574,3,8,1,50,1,20
1575,4,8,1,-50,0,20
1576,4,8,1,-45,0,20
1577,4,8,1,-40,0,20
1578,4,8,1,-35,0,20
1579,4,8,1,-30,0,20
1580,4,8,1,-25,0,20
1581,4,8,1,-20,0,20
1582,4,8,1,-15,0,20
1583,4,8,1,-14,0,20
1584,4,8,1,-13,0,20
1585,4,8,1,-12,0,20
1586,4,8,1,-11,0,20
1587,4,8,1,-10,1,20
1588,4,8,1,-9,0,20
1589,4,8,1,-8,1,20
1590,4,8,1,-7,0,20
1591,4,8,1,-6,0,20
1592,4,8,1,-5,0,20
1593,4,8,1,-4,1,20
1594,4,8,1,-3,0,20
1595,4,8,1,-2,1,20
1596,4,8,1,-1,0,20
1597,4,8,1,0,0,20
1598,4,8,1,1,1,20
1599,4,8,1,2,0,20
1600,4,8,1,3,1,20
1601,4,8,1,4,0,20
1602,4,8,1,5,0,20
1603,4,8,1,6,0,20
1604,4,8,1,7,0,20
1605,4,8,1,8,0,20
1606,4,8,1,9,0,20
1607,4,8,1,10,0,20
1608,4,8,1,11,1,20
1609,4,8,1,12,0,20
1610,4,8,1,13,1,20
1611,4,8,1,14,0,20
1612,4,8,1,15,0,20
1613,4,8,1,20,0,20
1614,4,8,1,25,0,20
1615,4,8,1,30,0,20
1616,4,8,1,35,0,20
1617,4,8,1,40,0,20
1618,4,8,1,45,0,20
1619,4,8,1,50,0,20
1620,5,8,1,-50,0,20
1621,5,8,1,-45,0,20
1622,5,8,1,-40,0,20
1623,5,8,1,-35,0,20
1624,5,8,1,-30,0,20
1625,5,8,1,-25,0,20
1626,5,8,1,-20,0,20
1627,5,8,1,-15,0,20
1628,5,8,1,-14,0,20
1629,5,8,1,-13,0,20
1630,5,8,1,-12,0,20
1631,5,8,1,-11,0,20
1632,5,8,1,-10,0,20
1633,5,8,1,-9,0,20
1634,5,8,1,-8,0,20
1635,5,8,1,-7,0,20
1636,5,8,1,-6,0,20
1637,5,8,1,-5,0,20
1638,5,8,1,-4,0,20
1639,5,8,1,-3,0,20
1640,5,8,1,-2,0,20
1641,5,8,1,-1,0,20
1642,5,8,1,0,0,20
1643,5,8,1,1,0,20
1644,5,8,1,2,1,20
1645,5,8,1,3,0,20
1646,5,8,1,4,0,20
1647,5,8,1,5,0,20
1648,5,8,1,6,0,20
1649,5,8,1,7,0,20
1650,5,8,1,8,0,20
1651,5,8,1,9,0,20
1652,5,8,1,10,0,20
1653,5,8,1,11,0,20
1654,5,8,1,12,0,20
1655,5,8,1,13,0,20
1656,5,8,1,14,0,20
1657,5,8,1,15,0,20
1658,5,8,1,20,0,20
1659,5,8,1,25,0,20
1660,5,8,1,30,0,20
1661,5,8,1,35,0,20
1662,5,8,1,40,0,20
1663,5,8,1,45,0,20
1664,5,8,1,50,0,20
1665,6,8,1,-50,0,20
1666,6,8,1,-45,0,20
1667,6,8,1,-40,0,20
1668,6,8,1,-35,0,20
1669,6,8,1,-30,0,20
1670,6,8,1,-25,0,20
1671,6,8,1,-20,0,20
1672,6,8,1,-15,0,20
1673,6,8,1,-14,0,20
1674,6,8,1,-13,0,20
1675,6,8,1,-12,0,20
1676,6,8,1,-11,0,20
1677,6,8,1,-10,0,20
1678,6,8,1,-9,0,20
1679,6,8,1,-8,0,20
1680,6,8,1,-7,0,20
1681,6,8,1,-6,0,20
1682,6,8,1,-5,0,20
1683,6,8,1,-4,0,20
1684,6,8,1,-3,0,20
1685,6,8,1,-2,0,20
1686,6,8,1,-1,0,20
1687,6,8,1,0,0,20
1688,6,8,1,1,0,20
1689,6,8,1,2,0,20
1690,6,8,1,3,0,20
1691,6,8,1,4,0,20
1692,6,8,1,5,0,20
1693,6,8,1,6,0,20
1694,6,8,1,7,0,20
1695,6,8,1,8,0,20
1696,6,8,1,9,0,20
1697,6,8,1,10,0,20
1698,6,8,1,11,0,20
1699,6,8,1,12,0,20
1700,6,8,1,13,0,20
1701,6,8,1,14,0,20
1702,6,8,1,15,0,20
1703,6,8,1,20,0,20
1704,6,8,1,25,0,20
1705,6,8,1,30,0,20
1706,6,8,1,35,0,20
1707,6,8,1,40,0,20
1708,6,8,1,45,0,20
1709,6,8,1,50,0,20
1710,7,8,1,-50,0,20
1711,7,8,1,-45,0,20
1712,7,8,1,-40,0,20
1713,7,8,1,-35,0,20
1714,7,8,1,-30,0,20
1715,7,8,1,-25,0,20
1716,7,8,1,-20,0,20
1717,7,8,1,-15,0,20
1718,7,8,1,-14,0,20
1719,7,8,1,-13,0,20
1720,7,8,1,-12,0,20
1721,7,8,1,-11,0,20
1722,7,8,1,-10,0,20
1723,7,8,1,-9,0,20
1724,7,8,1,-8,0,20
1725,7,8,1,-7,0,20
1726,7,8,1,-6,0,20
1727,7,8,1,-5,0,20
1728,7,8,1,-4,0,20
1729,7,8,1,-3,0,20
1730,7,8,1,-2,0,20
1731,7,8,1,-1,0,20
1732,7,8,1,0,0,20
1733,7,8,1,1,0,20
1734,7,8,1,2,0,20
1735,7,8,1,3,0,20
1736,7,8,1,4,0,20
1737,7,8,1,5,0,20
1738,7,8,1,6,0,20
1739,7,8,1,7,0,20
1740,7,8,1,8,0,20
1741,7,8,1,9,0,20
1742,7,8,1,10,0,20
1743,7,8,1,11,0,20
1744,7,8,1,12,0,20
1745,7,8,1,13,0,20
1746,7,8,1,14,0,20
1747,7,8,1,15,0,20
1748,7,8,1,20,0,20
1749,7,8,1,25,0,20
1750,7,8,1,30,0,20
1751,7,8,1,35,0,20
1752,7,8,1,40,0,20
1753,7,8,1,45,0,20
1754,7,8,1,50,0,20
1755,8,8,1,-50,0,20
1756,8,8,1,-45,0,20
1757,8,8,1,-40,0,20
1758,8,8,1,-35,0,20
1759,8,8,1,-30,0,20
1760,8,8,1,-25,0,20
1761,8,8,1,-20,0,20
1762,8,8,1,-15,0,20
1763,8,8,1,-14,0,20
1764,8,8,1,-13,0,20
1765,8,8,1,-12,0,20
1766,8,8,1,-11,0,20
1767,8,8,1,-10,0,20
1768,8,8,1,-9,0,20
1769,8,8,1,-8,0,20
1770,8,8,1,-7,0,20
1771,8,8,1,-6,0,20
1772,8,8,1,-5,0,20
1773,8,8,1,-4,0,20
1774,8,8,1,-3,0,20
1775,8,8,1,-2,0,20
1776,8,8,1,-1,0,20
1777,8,8,1,0,0,20
1778,8,8,1,1,0,20
1779,8,8,1,2,0,20
1780,8,8,1,3,0,20
1781,8,8,1,4,0,20
1782,8,8,1,5,0,20
1783,8,8,1,6,0,20
1784,8,8,1,7,0,20
1785,8,8,1,8,0,20
1786,8,8,1,9,0,20
1787,8,8,1,10,0,20
1788,8,8,1,11,0,20
1789,8,8,1,12,0,20
1790,8,8,1,13,0,20
1791,8,8,1,14,0,20
1792,8,8,1,15,0,20
1793,8,8,1,20,0,20
1794,8,8,1,25,0,20
1795,8,8,1,30,0,20
1796,8,8,1,35,0,20
1797,8,8,1,40,0,20
1798,8,8,1,45,0,20
1799,8,8,1,50,0,20
1800,8,-8,2,-50,20,20
1801,8,-8,2,-45,20,20
1802,8,-8,2,-40,20,20
1803,8,-8,2,-35,20,20
1804,8,-8,2,-30,20,20
1805,8,-8,2,-25,20,20
1806,8,-8,2,-20,20,20
1807,8,-8,2,-15,20,20
1808,8,-8,2,-14,20,20
1809,8,-8,2,-13,20,20
1810,8,-8,2,-12,20,20
1811,8,-8,2,-11,20,20
1812,8,-8,2,-10,20,20
1813,8,-8,2,-9,20,20
1814,8,-8,2,-8,20,20
1815,8,-8,2,-7,20,20
1816,8,-8,2,-6,20,20
1817,8,-8,2,-5,20,20
1818,8,-8,2,-4,20,20
1819,8,-8,2,-3,20,20
1820,8,-8,2,-2,20,20
1821,8,-8,2,-1,20,20
1822,8,-8,2,0,20,20
1823,8,-8,2,1,20,20
1824,8,-8,2,2,20,20
1825,8,-8,2,3,20,20
1826,8,-8,2,4,20,20
1827,8,-8,2,5,20,20
1828,8,-8,2,6,20,20
1829,8,-8,2,7,20,20
1830,8,-8,2,8,20,20
1831,8,-8,2,9,20,20
1832,8,-8,2,10,20,20
1833,8,-8,2,11,20,20
1834,8,-8,2,12,20,20
1835,8,-8,2,13,20,20
1836,8,-8,2,14,20,20
1837,8,-8,2,15,20,20
1838,8,-8,2,20,20,20
1839,8,-8,2,25,20,20
1840,8,-8,2,30,20,20
1841,8,-8,2,35,20,20
1842,8,-8,2,40,20,20
1843,8,-8,2,45,20,20
1844,8,-8,2,50,20,20
1845,8,-4,2,-50,20,20
1846,8,-4,2,-45,20,20
1847,8,-4,2,-40,20,20
1848,8,-4,2,-35,20,20
1849,8,-4,2,-30,20,20
1850,8,-4,2,-25,20,20
1851,8,-4,2,-20,20,20
1852,8,-4,2,-15,20,20
1853,8,-4,2,-14,20,20
1854,8,-4,2,-13,20,20
1855,8,-4,2,-12,20,20
1856,8,-4,2,-11,20,20
1857,8,-4,2,-10,20,20
1858,8,-4,2,-9,20,20
1859,8,-4,2,-8,20,20
1860,8,-4,2,-7,20,20
1861,8,-4,2,-6,20,20
1862,8,-4,2,-5,20,20
1863,8,-4,2,-4,20,20
1864,8,-4,2,-3,20,20
1865,8,-4,2,-2,20,20
1866,8,-4,2,-1,20,20
1867,8,-4,2,0,20,20
1868,8,-4,2,1,20,20
1869,8,-4,2,2,20,20
1870,8,-4,2,3,20,20
1871,8,-4,2,4,20,20
1872,8,-4,2,5,20,20
1873,8,-4,2,6,20,20
1874,8,-4,2,7,20,20
1875,8,-4,2,8,20,20
1876,8,-4,2,9,20,20
1877,8,-4,2,10,20,20
1878,8,-4,2,11,20,20
1879,8,-4,2,12,20,20
1880,8,-4,2,13,20,20
1881,8,-4,2,14,20,20
1882,8,-4,2,15,20,20
1883,8,-4,2,20,20,20
1884,8,-4,2,25,20,20
1885,8,-4,2,30,20,20
1886,8,-4,2,35,20,20
1887,8,-4,2,40,20,20
1888,8,-4,2,45,20,20
1889,8,-4,2,50,20,20
1890,8,0,2,-50,12,20
1891,8,0,2,-45,14,20
1892,8,0,2,-40,18,20
1893,8,0,2,-35,12,20
1894,8,0,2,-30,15,20
1895,8,0,2,-25,17,20
1896,8,0,2,-20,17,20
1897,8,0,2,-15,18,20
1898,8,0,2,-14,19,20
1899,8,0,2,-13,17,20
1900,8,0,2,-12,16,20
1901,8,0,2,-11,16,20
1902,8,0,2,-10,14,20
1903,8,0,2,-9,13,20
1904,8,0,2,-8,17,20
1905,8,0,2,-7,16,20
1906,8,0,2,-6,15,20
1907,8,0,2,-5,15,20
1908,8,0,2,-4,17,20
1909,8,0,2,-3,17,20
1910,8,0,2,-2,19,20
1911,8,0,2,-1,19,20
1912,8,0,2,0,18,20
1913,8,0,2,1,19,20
1914,8,0,2,2,19,20
1915,8,0,2,3,17,20
1916,8,0,2,4,17,20
1917,8,0,2,5,17,20
1918,8,0,2,6,15,20
1919,8,0,2,7,15,20
1920,8,0,2,8,15,20
1921,8,0,2,9,19,20
1922,8,0,2,10,15,20
1923,8,0,2,11,19,20
1924,8,0,2,12,16,20
1925,8,0,2,13,12,20
1926,8,0,2,14,15,20
1927,8,0,2,15,16,20
1928,8,0,2,20,19,20
1929,8,0,2,25,15,20
1930,8,0,2,30,16,20
1931,8,0,2,35,17,20
1932,8,0,2,40,18,20
1933,8,0,2,45,15,20
1934,8,0,2,50,17,20
1935,8,2,2,-50,0,20
1936,8,2,2,-45,0,20
1937,8,2,2,-40,0,20
1938,8,2,2,-35,0,20
1939,8,2,2,-30,0,20
1940,8,2,2,-25,0,20
1941,8,2,2,-20,0,20
1942,8,2,2,-15,0,20
1943,8,2,2,-14,0,20
1944,8,2,2,-13,0,20
1945,8,2,2,-12,0,20
1946,8,2,2,-11,0,20
1947,8,2,2,-10,0,20
1948,8,2,2,-9,0,20
1949,8,2,2,-8,0,20
1950,8,2,2,-7,0,20
1951,8,2,2,-6,0,20
1952,8,2,2,-5,0,20
1953,8,2,2,-4,0,20
1954,8,2,2,-3,0,20
1955,8,2,2,-2,0,20
1956,8,2,2,-1,0,20
1957,8,2,2,0,0,20
1958,8,2,2,1,0,20
1959,8,2,2,2,0,20
1960,8,2,2,3,0,20
1961,8,2,2,4,1,20
1962,8,2,2,5,0,20
1963,8,2,2,6,0,20
1964,8,2,2,7,0,20
1965,8,2,2,8,0,20
1966,8,2,2,9,0,20
1967,8,2,2,10,0,20
1968,8,2,2,11,0,20
1969,8,2,2,12,0,20
1970,8,2,2,13,0,20
1971,8,2,2,14,0,20
1972,8,2,2,15,0,20
1973,8,2,2,20,0,20
1974,8,2,2,25,0,20
1975,8,2,2,30,0,20
1976,8,2,2,35,0,20
1977,8,2,2,40,0,20
1978,8,2,2,45,0,20
1979,8,2,2,50,0,20
1980,8,3,2,-50,0,20
1981,8,3,2,-45,0,20
1982,8,3,2,-40,0,20
1983,8,3,2,-35,0,20
1984,8,3,2,-30,0,20
1985,8,3,2,-25,0,20
1986,8,3,2,-20,0,20
1987,8,3,2,-15,0,20
1988,8,3,2,-14,0,20
1989,8,3,2,-13,0,20
1990,8,3,2,-12,0,20
1991,8,3,2,-11,0,20
1992,8,3,2,-10,0,20
1993,8,3,2,-9,0,20
1994,8,3,2,-8,0,20
1995,8,3,2,-7,0,20
1996,8,3,2,-6,0,20
1997,8,3,2,-5,0,20
1998,8,3,2,-4,0,20
1999,8,3,2,-3,0,20
2000,8,3,2,-2,0,20
2001,8,3,2,-1,0,20
2002,8,3,2,0,0,20
2003,8,3,2,1,0,20
2004,8,3,2,2,0,20
2005,8,3,2,3,0,20
2006,8,3,2,4,0,20
2007,8,3,2,5,0,20
2008,8,3,2,6,0,20
2009,8,3,2,7,0,20
2010,8,3,2,8,0,20
2011,8,3,2,9,0,20
2012,8,3,2,10,0,20
2013,8,3,2,11,0,20
2014,8,3,2,12,0,20
2015,8,3,2,13,0,20
2016,8,3,2,14,0,20
2017,8,3,2,15,0,20
2018,8,3,2,20,0,20
2019,8,3,2,25,0,20
2020,8,3,2,30,0,20
2021,8,3,2,35,0,20
2022,8,3,2,40,0,20
2023,8,3,2,45,0,20
2024,8,3,2,50,0,20
2025,8,4,2,-50,0,20
2026,8,4,2,-45,0,20
2027,8,4,2,-40,0,20
2028,8,4,2,-35,0,20
2029,8,4,2,-30,0,20
2030,8,4,2,-25,0,20
2031,8,4,2,-20,0,20
2032,8,4,2,-15,0,20
2033,8,4,2,-14,0,20
2034,8,4,2,-13,0,20
2035,8,4,2,-12,0,20
2036,8,4,2,-11,0,20
2037,8,4,2,-10,0,20
2038,8,4,2,-9,0,20
2039,8,4,2,-8,0,20
2040,8,4,2,-7,0,20
2041,8,4,2,-6,0,20
2042,8,4,2,-5,0,20
2043,8,4,2,-4,0,20
2044,8,4,2,-3,0,20
2045,8,4,2,-2,0,20
2046,8,4,2,-1,0,20
2047,8,4,2,0,0,20
2048,8,4,2,1,0,20
2049,8,4,2,2,0,20
2050,8,4,2,3,0,20
2051,8,4,2,4,0,20
2052,8,4,2,5,0,20
2053,8,4,2,6,0,20
2054,8,4,2,7,0,20
2055,8,4,2,8,0,20
2056,8,4,2,9,0,20
2057,8,4,2,10,0,20
2058,8,4,2,11,0,20
2059,8,4,2,12,0,20
2060,8,4,2,13,0,20
2061,8,4,2,14,0,20
2062,8,4,2,15,0,20
2063,8,4,2,20,0,20
2064,8,4,2,25,0,20
2065,8,4,2,30,0,20
2066,8,4,2,35,0,20
2067,8,4,2,40,0,20
2068,8,4,2,45,0,20
2069,8,4,2,50,0,20
2070,8,5,2,-50,0,20
2071,8,5,2,-45,0,20
2072,8,5,2,-40,0,20
2073,8,5,2,-35,0,20
2074,8,5,2,-30,0,20
2075,8,5,2,-25,0,20
2076,8,5,2,-20,0,20
2077,8,5,2,-15,0,20
2078,8,5,2,-14,0,20
2079,8,5,2,-13,0,20
2080,8,5,2,-12,0,20
2081,8,5,2,-11,0,20
2082,8,5,2,-10,0,20
2083,8,5,2,-9,0,20
2084,8,5,2,-8,0,20
2085,8,5,2,-7,0,20
2086,8,5,2,-6,0,20
2087,8,5,2,-5,0,20
2088,8,5,2,-4,0,20
2089,8,5,2,-3,0,20
2090,8,5,2,-2,0,20
2091,8,5,2,-1,0,20
2092,8,5,2,0,0,20
2093,8,5,2,1,0,20
2094,8,5,2,2,0,20
2095,8,5,2,3,0,20
2096,8,5,2,4,0,20
2097,8,5,2,5,0,20
2098,8,5,2,6,0,20
2099,8,5,2,7,0,20
2100,8,5,2,8,0,20
2101,8,5,2,9,0,20
2102,8,5,2,10,0,20
2103,8,5,2,11,0,20
2104,8,5,2,12,0,20
2105,8,5,2,13,0,20
2106,8,5,2,14,0,20
2107,8,5,2,15,0,20
2108,8,5,2,20,0,20
2109,8,5,2,25,0,20
2110,8,5,2,30,0,20
2111,8,5,2,35,0,20
2112,8,5,2,40,0,20
2113,8,5,2,45,0,20
2114,8,5,2,50,0,20
2115,8,6,2,-50,0,20
2116,8,6,2,-45,0,20
2117,8,6,2,-40,0,20
2118,8,6,2,-35,0,20
2119,8,6,2,-30,0,20
2120,8,6,2,-25,0,20
2121,8,6,2,-20,0,20
2122,8,6,2,-15,0,20
2123,8,6,2,-14,0,20
2124,8,6,2,-13,0,20
2125,8,6,2,-12,0,20
2126,8,6,2,-11,0,20
2127,8,6,2,-10,0,20
2128,8,6,2,-9,0,20
2129,8,6,2,-8,0,20
2130,8,6,2,-7,0,20
2131,8,6,2,-6,0,20
2132,8,6,2,-5,0,20
2133,8,6,2,-4,0,20
2134,8,6,2,-3,0,20
2135,8,6,2,-2,0,20
2136,8,6,2,-1,0,20
2137,8,6,2,0,0,20
2138,8,6,2,1,0,20
2139,8,6,2,2,0,20
2140,8,6,2,3,0,20
2141,8,6,2,4,0,20
2142,8,6,2,5,0,20
2143,8,6,2,6,0,20
2144,8,6,2,7,0,20
2145,8,6,2,8,0,20
2146,8,6,2,9,0,20
2147,8,6,2,10,0,20
2148,8,6,2,11,0,20
2149,8,6,2,12,0,20
2150,8,6,2,13,0,20
2151,8,6,2,14,0,20
2152,8,6,2,15,0,20
2153,8,6,2,20,0,20
2154,8,6,2,25,0,20
2155,8,6,2,30,0,20
2156,8,6,2,35,0,20
2157,8,6,2,40,0,20
2158,8,6,2,45,0,20
2159,8,6,2,50,0,20
2160,8,7,2,-50,0,20
2161,8,7,2,-45,0,20
2162,8,7,2,-40,0,20
2163,8,7,2,-35,0,20
2164,8,7,2,-30,0,20
2165,8,7,2,-25,0,20
2166,8,7,2,-20,0,20
2167,8,7,2,-15,0,20
2168,8,7,2,-14,0,20
2169,8,7,2,-13,0,20
2170,8,7,2,-12,0,20
2171,8,7,2,-11,0,20
2172,8,7,2,-10,0,20
2173,8,7,2,-9,0,20
2174,8,7,2,-8,0,20
2175,8,7,2,-7,0,20
2176,8,7,2,-6,0,20
2177,8,7,2,-5,0,20
2178,8,7,2,-4,0,20
2179,8,7,2,-3,0,20
2180,8,7,2,-2,0,20
2181,8,7,2,-1,0,20
2182,8,7,2,0,0,20
2183,8,7,2,1,0,20
2184,8,7,2,2,0,20
2185,8,7,2,3,0,20
2186,8,7,2,4,0,20
2187,8,7,2,5,0,20
2188,8,7,2,6,0,20
2189,8,7,2,7,0,20
2190,8,7,2,8,0,20
2191,8,7,2,9,0,20
2192,8,7,2,10,0,20
2193,8,7,2,11,0,20
2194,8,7,2,12,0,20
2195,8,7,2,13,0,20
2196,8,7,2,14,0,20
2197,8,7,2,15,0,20
2198,8,7,2,20,0,20
2199,8,7,2,25,0,20
2200,8,7,2,30,0,20
2201,8,7,2,35,0,20
2202,8,7,2,40,0,20
2203,8,7,2,45,0,20
2204,8,7,2,50,0,20
2205,8,8,2,-50,0,20
2206,8,8,2,-45,0,20
2207,8,8,2,-40,0,20
2208,8,8,2,-35,0,20
2209,8,8,2,-30,0,20
2210,8,8,2,-25,0,20
2211,8,8,2,-20,0,20
2212,8,8,2,-15,0,20
2213,8,8,2,-14,0,20
2214,8,8,2,-13,0,20
2215,8,8,2,-12,0,20
2216,8,8,2,-11,0,20
2217,8,8,2,-10,0,20
2218,8,8,2,-9,0,20
2219,8,8,2,-8,0,20
2220,8,8,2,-7,0,20
2221,8,8,2,-6,0,20
2222,8,8,2,-5,0,20
2223,8,8,2,-4,0,20
2224,8,8,2,-3,0,20
2225,8,8,2,-2,0,20
2226,8,8,2,-1,0,20
2227,8,8,2,0,0,20
2228,8,8,2,1,0,20
2229,8,8,2,2,0,20
2230,8,8,2,3,0,20
2231,8,8,2,4,0,20
2232,8,8,2,5,0,20
2233,8,8,2,6,0,20
2234,8,8,2,7,0,20
2235,8,8,2,8,0,20
2236,8,8,2,9,0,20
2237,8,8,2,10,0,20
2238,8,8,2,11,0,20
2239,8,8,2,12,0,20
2240,8,8,2,13,0,20
2241,8,8,2,14,0,20
2242,8,8,2,15,0,20
2243,8,8,2,20,0,20
2244,8,8,2,25,0,20
2245,8,8,2,30,0,20
2246,8,8,2,35,0,20
2247,8,8,2,40,0,20
2248,8,8,2,45,0,20
2249,8,8,2,50,0,20
2250,-8,8,2,-50,20,20
2251,-8,8,2,-45,20,20
2252,-8,8,2,-40,20,20
2253,-8,8,2,-35,20,20
2254,-8,8,2,-30,20,20
2255,-8,8,2,-25,20,20
2256,-8,8,2,-20,20,20
2257,-8,8,2,-15,20,20
2258,-8,8,2,-14,20,20
2259,-8,8,2,-13,20,20
2260,-8,8,2,-12,20,20
2261,-8,8,2,-11,20,20
2262,-8,8,2,-10,20,20
2263,-8,8,2,-9,20,20
2264,-8,8,2,-8,20,20
2265,-8,8,2,-7,20,20
2266,-8,8,2,-6,20,20
2267,-8,8,2,-5,20,20
2268,-8,8,2,-4,20,20
2269,-8,8,2,-3,20,20
2270,-8,8,2,-2,20,20
2271,-8,8,2,-1,20,20
2272,-8,8,2,0,20,20
2273,-8,8,2,1,20,20
2274,-8,8,2,2,20,20
2275,-8,8,2,3,20,20
2276,-8,8,2,4,20,20
2277,-8,8,2,5,20,20
2278,-8,8,2,6,20,20
2279,-8,8,2,7,20,20
2280,-8,8,2,8,20,20
2281,-8,8,2,9,20,20
2282,-8,8,2,10,20,20
2283,-8,8,2,11,20,20
2284,-8,8,2,12,20,20
2285,-8,8,2,13,20,20
2286,-8,8,2,14,20,20
2287,-8,8,2,15,20,20
2288,-8,8,2,20,20,20
2289,-8,8,2,25,20,20
2290,-8,8,2,30,20,20
2291,-8,8,2,35,20,20
2292,-8,8,2,40,20,20
2293,-8,8,2,45,20,20
2294,-8,8,2,50,20,20
2295,-4,8,2,-50,20,20
2296,-4,8,2,-45,20,20
2297,-4,8,2,-40,20,20
2298,-4,8,2,-35,20,20
2299,-4,8,2,-30,20,20
2300,-4,8,2,-25,20,20
2301,-4,8,2,-20,20,20
2302,-4,8,2,-15,20,20
2303,-4,8,2,-14,20,20
2304,-4,8,2,-13,20,20
2305,-4,8,2,-12,20,20
2306,-4,8,2,-11,20,20
2307,-4,8,2,-10,20,20
2308,-4,8,2,-9,20,20
2309,-4,8,2,-8,20,20
2310,-4,8,2,-7,20,20
2311,-4,8,2,-6,20,20
2312,-4,8,2,-5,20,20
2313,-4,8,2,-4,20,20
2314,-4,8,2,-3,20,20
2315,-4,8,2,-2,20,20
2316,-4,8,2,-1,20,20
2317,-4,8,2,0,20,20
2318,-4,8,2,1,20,20
2319,-4,8,2,2,20,20
2320,-4,8,2,3,20,20
2321,-4,8,2,4,20,20
2322,-4,8,2,5,20,20
2323,-4,8,2,6,20,20
2324,-4,8,2,7,20,20
2325,-4,8,2,8,20,20
2326,-4,8,2,9,20,20
2327,-4,8,2,10,20,20
2328,-4,8,2,11,20,20
2329,-4,8,2,12,20,20
2330,-4,8,2,13,20,20
2331,-4,8,2,14,20,20
2332,-4,8,2,15,20,20
2333,-4,8,2,20,20,20
2334,-4,8,2,25,20,20
2335,-4,8,2,30,20,20
2336,-4,8,2,35,20,20
2337,-4,8,2,40,20,20
2338,-4,8,2,45,20,20
2339,-4,8,2,50,20,20
2340,0,8,2,-50,20,20
2341,0,8,2,-45,19,20
2342,0,8,2,-40,19,20
2343,0,8,2,-35,19,20
2344,0,8,2,-30,18,20
2345,0,8,2,-25,18,20
2346,0,8,2,-20,18,20
2347,0,8,2,-15,19,20
2348,0,8,2,-14,15,20
2349,0,8,2,-13,17,20
2350,0,8,2,-12,14,20
2351,0,8,2,-11,17,20
2352,0,8,2,-10,20,20
2353,0,8,2,-9,18,20
2354,0,8,2,-8,19,20
2355,0,8,2,-7,18,20
2356,0,8,2,-6,19,20
2357,0,8,2,-5,19,20
2358,0,8,2,-4,19,20
2359,0,8,2,-3,20,20
2360,0,8,2,-2,19,20
2361,0,8,2,-1,20,20
2362,0,8,2,0,20,20
2363,0,8,2,1,18,20
2364,0,8,2,2,20,20
2365,0,8,2,3,18,20
2366,0,8,2,4,20,20
2367,0,8,2,5,19,20
2368,0,8,2,6,18,20
2369,0,8,2,7,20,20
2370,0,8,2,8,19,20
2371,0,8,2,9,19,20
2372,0,8,2,10,20,20
2373,0,8,2,11,18,20
2374,0,8,2,12,19,20
2375,0,8,2,13,19,20
2376,0,8,2,14,20,20
2377,0,8,2,15,19,20
2378,0,8,2,20,17,20
2379,0,8,2,25,19,20
2380,0,8,2,30,19,20
2381,0,8,2,35,17,20
2382,0,8,2,40,20,20
2383,0,8,2,45,19,20
2384,0,8,2,50,18,20
2385,2,8,2,-50,1,20
2386,2,8,2,-45,0,20
2387,2,8,2,-40,1,20
2388,2,8,2,-35,1,20
2389,2,8,2,-30,1,20
2390,2,8,2,-25,0,20
2391,2,8,2,-20,0,20
2392,2,8,2,-15,1,20
2393,2,8,2,-14,0,20
2394,2,8,2,-13,1,20
2395,2,8,2,-12,1,20
2396,2,8,2,-11,0,20
2397,2,8,2,-10,0,20
2398,2,8,2,-9,0,20
2399,2,8,2,-8,1,20
2400,2,8,2,-7,2,20
2401,2,8,2,-6,1,20
2402,2,8,2,-5,3,20
2403,2,8,2,-4,2,20
2404,2,8,2,-3,2,20
2405,2,8,2,-2,5,20
2406,2,8,2,-1,3,20
2407,2,8,2,0,3,20
2408,2,8,2,1,3,20
2409,2,8,2,2,3,20
2410,2,8,2,3,3,20
2411,2,8,2,4,2,20
2412,2,8,2,5,2,20
2413,2,8,2,6,0,20
2414,2,8,2,7,1,20
2415,2,8,2,8,4,20
2416,2,8,2,9,2,20
2417,2,8,2,10,2,20
2418,2,8,2,11,5,20
2419,2,8,2,12,0,20
2420,2,8,2,13,0,20
2421,2,8,2,14,0,20
2422,2,8,2,15,0,20
2423,2,8,2,20,0,20
2424,2,8,2,25,0,20
2425,2,8,2,30,0,20
2426,2,8,2,35,0,20
2427,2,8,2,40,0,20
2428,2,8,2,45,0,20
2429,2,8,2,50,0,20
2430,3,8,2,-50,0,20
2431,3,8,2,-45,0,20
2432,3,8,2,-40,0,20
2433,3,8,2,-35,0,20
2434,3,8,2,-30,0,20
2435,3,8,2,-25,0,20
2436,3,8,2,-20,0,20
2437,3,8,2,-15,0,20
2438,3,8,2,-14,0,20
2439,3,8,2,-13,0,20
2440,3,8,2,-12,0,20
2441,3,8,2,-11,0,20
2442,3,8,2,-10,0,20
2443,3,8,2,-9,0,20
2444,3,8,2,-8,0,20
2445,3,8,2,-7,0,20
2446,3,8,2,-6,0,20
2447,3,8,2,-5,0,20
2448,3,8,2,-4,0,20
2449,3,8,2,-3,0,20
2450,3,8,2,-2,0,20
2451,3,8,2,-1,0,20
2452,3,8,2,0,1,20
2453,3,8,2,1,0,20
2454,3,8,2,2,0,20
2455,3,8,2,3,0,20
2456,3,8,2,4,0,20
2457,3,8,2,5,0,20
2458,3,8,2,6,0,20
2459,3,8,2,7,0,20
2460,3,8,2,8,0,20
2461,3,8,2,9,0,20
2462,3,8,2,10,0,20
2463,3,8,2,11,0,20
2464,3,8,2,12,0,20
2465,3,8,2,13,0,20
2466,3,8,2,14,0,20
2467,3,8,2,15,0,20
2468,3,8,2,20,0,20
2469,3,8,2,25,0,20
2470,3,8,2,30,0,20
2471,3,8,2,35,0,20
2472,3,8,2,40,0,20
2473,3,8,2,45,0,20
2474,3,8,2,50,0,20
2475,4,8,2,-50,0,20
2476,4,8,2,-45,0,20
2477,4,8,2,-40,0,20
2478,4,8,2,-35,0,20
2479,4,8,2,-30,0,20
2480,4,8,2,-25,0,20
2481,4,8,2,-20,0,20
2482,4,8,2,-15,0,20
2483,4,8,2,-14,0,20
2484,4,8,2,-13,0,20
2485,4,8,2,-12,0,20
2486,4,8,2,-11,0,20
2487,4,8,2,-10,0,20
2488,4,8,2,-9,0,20
2489,4,8,2,-8,0,20
2490,4,8,2,-7,0,20
2491,4,8,2,-6,0,20
2492,4,8,2,-5,0,20
2493,4,8,2,-4,0,20
2494,4,8,2,-3,0,20
2495,4,8,2,-2,0,20
2496,4,8,2,-1,0,20
2497,4,8,2,0,0,20
2498,4,8,2,1,0,20
2499,4,8,2,2,0,20
2500,4,8,2,3,0,20
2501,4,8,2,4,0,20
2502,4,8,2,5,0,20
2503,4,8,2,6,0,20
2504,4,8,2,7,0,20
2505,4,8,2,8,0,20
2506,4,8,2,9,0,20
2507,4,8,2,10,0,20
2508,4,8,2,11,0,20
2509,4,8,2,12,0,20
2510,4,8,2,13,0,20
2511,4,8,2,14,0,20
2512,4,8,2,15,0,20
2513,4,8,2,20,0,20
2514,4,8,2,25,0,20
2515,4,8,2,30,0,20
2516,4,8,2,35,0,20
2517,4,8,2,40,0,20
2518,4,8,2,45,0,20
2519,4,8,2,50,0,20
2520,5,8,2,-50,0,20
2521,5,8,2,-45,0,20
2522,5,8,2,-40,0,20
2523,5,8,2,-35,0,20
2524,5,8,2,-30,0,20
2525,5,8,2,-25,0,20
2526,5,8,2,-20,0,20
2527,5,8,2,-15,0,20
2528,5,8,2,-14,0,20
2529,5,8,2,-13,0,20
2530,5,8,2,-12,0,20
2531,5,8,2,-11,0,20
2532,5,8,2,-10,0,20
2533,5,8,2,-9,0,20
2534,5,8,2,-8,0,20
2535,5,8,2,-7,0,20
2536,5,8,2,-6,0,20
2537,5,8,2,-5,0,20
2538,5,8,2,-4,0,20
2539,5,8,2,-3,0,20
2540,5,8,2,-2,0,20
2541,5,8,2,-1,0,20
2542,5,8,2,0,0,20
2543,5,8,2,1,0,20
2544,5,8,2,2,0,20
2545,5,8,2,3,0,20
2546,5,8,2,4,0,20
2547,5,8,2,5,0,20
2548,5,8,2,6,0,20
2549,5,8,2,7,0,20
2550,5,8,2,8,0,20
2551,5,8,2,9,0,20
2552,5,8,2,10,0,20
2553,5,8,2,11,0,20
2554,5,8,2,12,0,20
2555,5,8,2,13,0,20
2556,5,8,2,14,0,20
2557,5,8,2,15,0,20
2558,5,8,2,20,0,20
2559,5,8,2,25,0,20
2560,5,8,2,30,0,20
2561,5,8,2,35,0,20
2562,5,8,2,40,0,20
2563,5,8,2,45,0,20
2564,5,8,2,50,0,20
2565,6,8,2,-50,0,20
2566,6,8,2,-45,0,20
2567,6,8,2,-40,0,20
2568,6,8,2,-35,0,20
2569,6,8,2,-30,0,20
2570,6,8,2,-25,0,20
2571,6,8,2,-20,0,20
2572,6,8,2,-15,0,20
2573,6,8,2,-14,0,20
2574,6,8,2,-13,0,20
2575,6,8,2,-12,0,20
2576,6,8,2,-11,0,20
2577,6,8,2,-10,0,20
2578,6,8,2,-9,0,20
2579,6,8,2,-8,0,20
2580,6,8,2,-7,0,20
2581,6,8,2,-6,0,20
2582,6,8,2,-5,0,20
2583,6,8,2,-4,0,20
2584,6,8,2,-3,0,20
2585,6,8,2,-2,0,20
2586,6,8,2,-1,0,20
2587,6,8,2,0,0,20
2588,6,8,2,1,0,20
2589,6,8,2,2,0,20
2590,6,8,2,3,0,20
2591,6,8,2,4,0,20
2592,6,8,2,5,0,20
2593,6,8,2,6,0,20
2594,6,8,2,7,0,20
2595,6,8,2,8,0,20
2596,6,8,2,9,0,20
2597,6,8,2,10,0,20
2598,6,8,2,11,0,20
2599,6,8,2,12,0,20
2600,6,8,2,13,0,20
2601,6,8,2,14,0,20
2602,6,8,2,15,0,20
2603,6,8,2,20,0,20
2604,6,8,2,25,0,20
2605,6,8,2,30,0,20
2606,6,8,2,35,0,20
2607,6,8,2,40,0,20
2608,6,8,2,45,0,20
2609,6,8,2,50,0,20
2610,7,8,2,-50,0,20
2611,7,8,2,-45,0,20
2612,7,8,2,-40,0,20
2613,7,8,2,-35,0,20
2614,7,8,2,-30,0,20
2615,7,8,2,-25,0,20
2616,7,8,2,-20,0,20
2617,7,8,2,-15,0,20
2618,7,8,2,-14,0,20
2619,7,8,2,-13,0,20
2620,7,8,2,-12,0,20
2621,7,8,2,-11,0,20
2622,7,8,2,-10,0,20
2623,7,8,2,-9,0,20
2624,7,8,2,-8,0,20
2625,7,8,2,-7,0,20
2626,7,8,2,-6,0,20
2627,7,8,2,-5,0,20
2628,7,8,2,-4,0,20
2629,7,8,2,-3,0,20
2630,7,8,2,-2,0,20
2631,7,8,2,-1,0,20
2632,7,8,2,0,0,20
2633,7,8,2,1,0,20
2634,7,8,2,2,0,20
2635,7,8,2,3,0,20
2636,7,8,2,4,0,20
2637,7,8,2,5,0,20
2638,7,8,2,6,0,20
2639,7,8,2,7,0,20
2640,7,8,2,8,0,20
2641,7,8,2,9,0,20
2642,7,8,2,10,0,20
2643,7,8,2,11,0,20
2644,7,8,2,12,0,20
2645,7,8,2,13,0,20
2646,7,8,2,14,0,20
2647,7,8,2,15,0,20
2648,7,8,2,20,0,20
2649,7,8,2,25,0,20
2650,7,8,2,30,0,20
2651,7,8,2,35,0,20
2652,7,8,2,40,0,20
2653,7,8,2,45,0,20
2654,7,8,2,50,0,20
2655,8,8,2,-50,0,20
2656,8,8,2,-45,0,20
2657,8,8,2,-40,0,20
2658,8,8,2,-35,0,20
2659,8,8,2,-30,0,20
2660,8,8,2,-25,0,20
2661,8,8,2,-20,0,20
2662,8,8,2,-15,0,20
2663,8,8,2,-14,0,20
2664,8,8,2,-13,0,20
2665,8,8,2,-12,0,20
2666,8,8,2,-11,0,20
2667,8,8,2,-10,0,20
2668,8,8,2,-9,0,20
2669,8,8,2,-8,0,20
2670,8,8,2,-7,0,20
2671,8,8,2,-6,0,20
2672,8,8,2,-5,0,20
2673,8,8,2,-4,0,20
2674,8,8,2,-3,0,20
2675,8,8,2,-2,0,20
2676,8,8,2,-1,0,20
2677,8,8,2,0,0,20
2678,8,8,2,1,0,20
2679,8,8,2,2,0,20
2680,8,8,2,3,0,20
2681,8,8,2,4,0,20
2682,8,8,2,5,0,20
2683,8,8,2,6,0,20
2684,8,8,2,7,0,20
2685,8,8,2,8,0,20
2686,8,8,2,9,0,20
2687,8,8,2,10,0,20
2688,8,8,2,11,0,20
2689,8,8,2,12,0,20
2690,8,8,2,13,0,20
2691,8,8,2,14,0,20
2692,8,8,2,15,0,20
2693,8,8,2,20,0,20
2694,8,8,2,25,0,20
2695,8,8,2,30,0,20
2696,8,8,2,35,0,20
2697,8,8,2,40,0,20
2698,8,8,2,45,0,20
2699,8,8,2,50,0,20
2700,8,-8,3,-50,20,20
2701,8,-8,3,-45,20,20
2702,8,-8,3,-40,20,20
2703,8,-8,3,-35,20,20
2704,8,-8,3,-30,20,20
2705,8,-8,3,-25,20,20
2706,8,-8,3,-20,20,20
2707,8,-8,3,-15,20,20
2708,8,-8,3,-14,20,20
2709,8,-8,3,-13,20,20
2710,8,-8,3,-12,20,20
2711,8,-8,3,-11,20,20
2712,8,-8,3,-10,20,20
2713,8,-8,3,-9,20,20
2714,8,-8,3,-8,20,20
2715,8,-8,3,-7,20,20
2716,8,-8,3,-6,20,20
2717,8,-8,3,-5,20,20
2718,8,-8,3,-4,20,20
2719,8,-8,3,-3,20,20
2720,8,-8,3,-2,20,20
2721,8,-8,3,-1,20,20
2722,8,-8,3,0,20,20
2723,8,-8,3,1,20,20
2724,8,-8,3,2,20,20
2725,8,-8,3,3,20,20
2726,8,-8,3,4,20,20
2727,8,-8,3,5,20,20
2728,8,-8,3,6,20,20
2729,8,-8,3,7,20,20
2730,8,-8,3,8,20,20
2731,8,-8,3,9,20,20
2732,8,-8,3,10,20,20
2733,8,-8,3,11,20,20
2734,8,-8,3,12,20,20
2735,8,-8,3,13,20,20
2736,8,-8,3,14,20,20
2737,8,-8,3,15,20,20
2738,8,-8,3,20,20,20
2739,8,-8,3,25,20,20
2740,8,-8,3,30,20,20
2741,8,-8,3,35,20,20
2742,8,-8,3,40,20,20
2743,8,-8,3,45,20,20
2744,8,-8,3,50,20,20
2745,8,-4,3,-50,20,20
2746,8,-4,3,-45,20,20
2747,8,-4,3,-40,20,20
2748,8,-4,3,-35,20,20
2749,8,-4,3,-30,20,20
2750,8,-4,3,-25,20,20
2751,8,-4,3,-20,20,20
2752,8,-4,3,-15,20,20
2753,8,-4,3,-14,20,20
2754,8,-4,3,-13,20,20
2755,8,-4,3,-12,20,20
2756,8,-4,3,-11,20,20
2757,8,-4,3,-10,20,20
2758,8,-4,3,-9,20,20
2759,8,-4,3,-8,20,20
2760,8,-4,3,-7,20,20
2761,8,-4,3,-6,20,20
2762,8,-4,3,-5,20,20
2763,8,-4,3,-4,20,20
2764,8,-4,3,-3,20,20
2765,8,-4,3,-2,20,20
2766,8,-4,3,-1,20,20
2767,8,-4,3,0,20,20
2768,8,-4,3,1,20,20
2769,8,-4,3,2,20,20
2770,8,-4,3,3,20,20
2771,8,-4,3,4,20,20
2772,8,-4,3,5,20,20
2773,8,-4,3,6,20,20
2774,8,-4,3,7,20,20
2775,8,-4,3,8,20,20
2776,8,-4,3,9,20,20
2777,8,-4,3,10,20,20
2778,8,-4,3,11,20,20
2779,8,-4,3,12,20,20
2780,8,-4,3,13,20,20
2781,8,-4,3,14,20,20
2782,8,-4,3,15,20,20
2783,8,-4,3,20,20,20
2784,8,-4,3,25,20,20
2785,8,-4,3,30,20,20
2786,8,-4,3,35,20,20
2787,8,-4,3,40,20,20
2788,8,-4,3,45,20,20
2789,8,-4,3,50,20,20
2790,8,0,3,-50,20,20
2791,8,0,3,-45,20,20
2792,8,0,3,-40,20,20
2793,8,0,3,-35,16,20
2794,8,0,3,-30,20,20
2795,8,0,3,-25,20,20
2796,8,0,3,-20,20,20
2797,8,0,3,-15,20,20
2798,8,0,3,-14,20,20
2799,8,0,3,-13,20,20
2800,8,0,3,-12,20,20
2801,8,0,3,-11,20,20
2802,8,0,3,-10,20,20
2803,8,0,3,-9,20,20
2804,8,0,3,-8,20,20
2805,8,0,3,-7,20,20
2806,8,0,3,-6,20,20
2807,8,0,3,-5,20,20
2808,8,0,3,-4,20,20
2809,8,0,3,-3,20,20
2810,8,0,3,-2,20,20
2811,8,0,3,-1,20,20
2812,8,0,3,0,20,20
2813,8,0,3,1,20,20
2814,8,0,3,2,20,20
2815,8,0,3,3,20,20
2816,8,0,3,4,20,20
2817,8,0,3,5,20,20
2818,8,0,3,6,20,20
2819,8,0,3,7,20,20
2820,8,0,3,8,20,20
2821,8,0,3,9,20,20
2822,8,0,3,10,20,20
2823,8,0,3,11,20,20
2824,8,0,3,12,20,20
2825,8,0,3,13,20,20
2826,8,0,3,14,20,20
2827,8,0,3,15,20,20
2828,8,0,3,20,20,20
2829,8,0,3,25,20,20
2830,8,0,3,30,20,20
2831,8,0,3,35,20,20
2832,8,0,3,40,20,20
2833,8,0,3,45,20,20
2834,8,0,3,50,20,20
2835,8,2,3,-50,20,20
2836,8,2,3,-45,18,20
2837,8,2,3,-40,16,20
2838,8,2,3,-35,12,20
2839,8,2,3,-30,17,20
2840,8,2,3,-25,17,20
2841,8,2,3,-20,18,20
2842,8,2,3,-15,18,20
2843,8,2,3,-14,20,20
2844,8,2,3,-13,20,20
2845,8,2,3,-12,20,20
2846,8,2,3,-11,20,20
2847,8,2,3,-10,20,20
2848,8,2,3,-9,20,20
2849,8,2,3,-8,20,20
2850,8,2,3,-7,20,20
2851,8,2,3,-6,20,20
2852,8,2,3,-5,20,20
2853,8,2,3,-4,20,20
2854,8,2,3,-3,20,20
2855,8,2,3,-2,20,20
2856,8,2,3,-1,20,20
2857,8,2,3,0,20,20
2858,8,2,3,1,20,20
2859,8,2,3,2,20,20
2860,8,2,3,3,20,20
2861,8,2,3,4,20,20
2862,8,2,3,5,20,20
2863,8,2,3,6,20,20
2864,8,2,3,7,20,20
2865,8,2,3,8,20,20
2866,8,2,3,9,20,20
2867,8,2,3,10,19,20
2868,8,2,3,11,20,20
2869,8,2,3,12,20,20
2870,8,2,3,13,20,20
2871,8,2,3,14,20,20
2872,8,2,3,15,17,20
2873,8,2,3,20,18,20
2874,8,2,3,25,14,20
2875,8,2,3,30,17,20
2876,8,2,3,35,19,20
2877,8,2,3,40,20,20
2878,8,2,3,45,20,20
2879,8,2,3,50,16,20
2880,8,3,3,-50,16,20
2881,8,3,3,-45,12,20
2882,8,3,3,-40,13,20
2883,8,3,3,-35,10,20
2884,8,3,3,-30,9,20
2885,8,3,3,-25,14,20
2886,8,3,3,-20,19,20
2887,8,3,3,-15,15,20
2888,8,3,3,-14,17,20
2889,8,3,3,-13,18,20
2890,8,3,3,-12,18,20
2891,8,3,3,-11,20,20
2892,8,3,3,-10,20,20
2893,8,3,3,-9,20,20
2894,8,3,3,-8,20,20
2895,8,3,3,-7,20,20
2896,8,3,3,-6,20,20
2897,8,3,3,-5,20,20
2898,8,3,3,-4,20,20
2899,8,3,3,-3,20,20
2900,8,3,3,-2,20,20
2901,8,3,3,-1,20,20
2902,8,3,3,0,20,20
2903,8,3,3,1,20,20
2904,8,3,3,2,20,20
2905,8,3,3,3,20,20
2906,8,3,3,4,20,20
2907,8,3,3,5,20,20
2908,8,3,3,6,20,20
2909,8,3,3,7,20,20
2910,8,3,3,8,18,20
2911,8,3,3,9,19,20
2912,8,3,3,10,19,20
2913,8,3,3,11,18,20
2914,8,3,3,12,18,20
2915,8,3,3,13,13,20
2916,8,3,3,14,18,20
2917,8,3,3,15,15,20
2918,8,3,3,20,15,20
2919,8,3,3,25,11,20
2920,8,3,3,30,10,20
2921,8,3,3,35,14,20
2922,8,3,3,40,20,20
2923,8,3,3,45,17,20
2924,8,3,3,50,16,20
2925,8,4,3,-50,11,20
2926,8,4,3,-45,11,20
2927,8,4,3,-40,11,20
2928,8,4,3,-35,5,20
2929,8,4,3,-30,8,20
2930,8,4,3,-25,9,20
2931,8,4,3,-20,12,20
2932,8,4,3,-15,12,20
2933,8,4,3,-14,14,20
2934,8,4,3,-13,17,20
2935,8,4,3,-12,17,20
2936,8,4,3,-11,19,20
2937,8,4,3,-10,19,20
2938,8,4,3,-9,20,20
2939,8,4,3,-8,20,20
2940,8,4,3,-7,20,20
2941,8,4,3,-6,20,20
2942,8,4,3,-5,20,20
2943,8,4,3,-4,20,20
2944,8,4,3,-3,20,20
2945,8,4,3,-2,20,20
2946,8,4,3,-1,20,20
2947,8,4,3,0,20,20
2948,8,4,3,1,20,20
2949,8,4,3,2,20,20
2950,8,4,3,3,20,20
2951,8,4,3,4,20,20
2952,8,4,3,5,20,20
2953,8,4,3,6,17,20
2954,8,4,3,7,19,20
2955,8,4,3,8,19,20
2956,8,4,3,9,17,20
2957,8,4,3,10,16,20
2958,8,4,3,11,20,20
2959,8,4,3,12,13,20
2960,8,4,3,13,17,20
2961,8,4,3,14,14,20
2962,8,4,3,15,11,20
2963,8,4,3,20,10,20
2964,8,4,3,25,8,20
2965,8,4,3,30,9,20
2966,8,4,3,35,13,20
2967,8,4,3,40,18,20
2968,8,4,3,45,16,20
2969,8,4,3,50,13,20
2970,8,5,3,-50,10,20
2971,8,5,3,-45,11,20
2972,8,5,3,-40,8,20
2973,8,5,3,-35,1,20
2974,8,5,3,-30,4,20
2975,8,5,3,-25,10,20
2976,8,5,3,-20,12,20
2977,8,5,3,-15,13,20
2978,8,5,3,-14,12,20
2979,8,5,3,-13,10,20
2980,8,5,3,-12,16,20
2981,8,5,3,-11,11,20
2982,8,5,3,-10,14,20
2983,8,5,3,-9,20,20
2984,8,5,3,-8,18,20
2985,8,5,3,-7,16,20
2986,8,5,3,-6,18,20
2987,8,5,3,-5,18,20
2988,8,5,3,-4,19,20
2989,8,5,3,-3,20,20
2990,8,5,3,-2,19,20
2991,8,5,3,-1,19,20
2992,8,5,3,0,20,20
2993,8,5,3,1,20,20
2994,8,5,3,2,20,20
2995,8,5,3,3,18,20
2996,8,5,3,4,19,20
2997,8,5,3,5,19,20
2998,8,5,3,6,18,20
2999,8,5,3,7,19,20
3000,8,5,3,8,14,20
3001,8,5,3,9,16,20
3002,8,5,3,10,11,20
3003,8,5,3,11,9,20
3004,8,5,3,12,10,20
3005,8,5,3,13,5,20
3006,8,5,3,14,10,20
3007,8,5,3,15,8,20
3008,8,5,3,20,9,20
3009,8,5,3,25,3,20
3010,8,5,3,30,2,20
3011,8,5,3,35,5,20
3012,8,5,3,40,15,20
3013,8,5,3,45,12,20
3014,8,5,3,50,12,20
3015,8,6,3,-50,3,20
3016,8,6,3,-45,2,20
3017,8,6,3,-40,1,20
3018,8,6,3,-35,0,20
3019,8,6,3,-30,0,20
3020,8,6,3,-25,0,20
3021,8,6,3,-20,0,20
3022,8,6,3,-15,1,20
3023,8,6,3,-14,0,20
3024,8,6,3,-13,0,20
3025,8,6,3,-12,1,20
3026,8,6,3,-11,0,20
3027,8,6,3,-10,1,20
3028,8,6,3,-9,1,20
3029,8,6,3,-8,3,20
3030,8,6,3,-7,2,20
3031,8,6,3,-6,1,20
3032,8,6,3,-5,3,20
3033,8,6,3,-4,1,20
3034,8,6,3,-3,4,20
3035,8,6,3,-2,2,20
3036,8,6,3,-1,4,20
3037,8,6,3,0,5,20
3038,8,6,3,1,6,20
3039,8,6,3,2,6,20
3040,8,6,3,3,9,20
3041,8,6,3,4,3,20
3042,8,6,3,5,1,20
3043,8,6,3,6,2,20
3044,8,6,3,7,0,20
3045,8,6,3,8,2,20
3046,8,6,3,9,0,20
3047,8,6,3,10,0,20
3048,8,6,3,11,0,20
3049,8,6,3,12,0,20
3050,8,6,3,13,0,20
3051,8,6,3,14,0,20
3052,8,6,3,15,0,20
3053,8,6,3,20,0,20
3054,8,6,3,25,0,20
3055,8,6,3,30,0,20
3056,8,6,3,35,0,20
3057,8,6,3,40,1,20
3058,8,6,3,45,1,20
3059,8,6,3,50,1,20
3060,8,7,3,-50,0,20
3061,8,7,3,-45,1,20
3062,8,7,3,-40,0,20
3063,8,7,3,-35,0,20
3064,8,7,3,-30,0,20
3065,8,7,3,-25,0,20
3066,8,7,3,-20,0,20
3067,8,7,3,-15,0,20
3068,8,7,3,-14,0,20
3069,8,7,3,-13,0,20
3070,8,7,3,-12,0,20
3071,8,7,3,-11,0,20
3072,8,7,3,-10,0,20
3073,8,7,3,-9,0,20
3074,8,7,3,-8,0,20
3075,8,7,3,-7,0,20
3076,8,7,3,-6,0,20
3077,8,7,3,-5,0,20
3078,8,7,3,-4,0,20
3079,8,7,3,-3,0,20
3080,8,7,3,-2,0,20
3081,8,7,3,-1,0,20
3082,8,7,3,0,0,20
3083,8,7,3,1,0,20
3084,8,7,3,2,0,20
3085,8,7,3,3,0,20
3086,8,7,3,4,0,20
3087,8,7,3,5,0,20
3088,8,7,3,6,0,20
3089,8,7,3,7,0,20
3090,8,7,3,8,0,20
3091,8,7,3,9,0,20
3092,8,7,3,10,0,20
3093,8,7,3,11,0,20
3094,8,7,3,12,0,20
3095,8,7,3,13,0,20
3096,8,7,3,14,0,20
3097,8,7,3,15,0,20
3098,8,7,3,20,0,20
3099,8,7,3,25,0,20
3100,8,7,3,30,0,20
3101,8,7,3,35,0,20
3102,8,7,3,40,0,20
3103,8,7,3,45,0,20
3104,8,7,3,50,0,20
3105,8,8,3,-50,1,20
3106,8,8,3,-45,5,20
3107,8,8,3,-40,0,20
3108,8,8,3,-35,0,20
3109,8,8,3,-30,0,20
3110,8,8,3,-25,0,20
3111,8,8,3,-20,0,20
3112,8,8,3,-15,1,20
3113,8,8,3,-14,3,20
3114,8,8,3,-13,2,20
3115,8,8,3,-12,3,20
3116,8,8,3,-11,2,20
3117,8,8,3,-10,2,20
3118,8,8,3,-9,1,20
3119,8,8,3,-8,1,20
3120,8,8,3,-7,0,20
3121,8,8,3,-6,0,20
3122,8,8,3,-5,0,20
3123,8,8,3,-4,2,20
3124,8,8,3,-3,0,20
3125,8,8,3,-2,1,20
3126,8,8,3,-1,1,20
3127,8,8,3,0,1,20
3128,8,8,3,1,0,20
3129,8,8,3,2,2,20
3130,8,8,3,3,1,20
3131,8,8,3,4,0,20
3132,8,8,3,5,0,20
3133,8,8,3,6,0,20
3134,8,8,3,7,0,20
3135,8,8,3,8,0,20
3136,8,8,3,9,1,20
3137,8,8,3,10,0,20
3138,8,8,3,11,2,20
3139,8,8,3,12,2,20
3140,8,8,3,13,4,20
3141,8,8,3,14,1,20
3142,8,8,3,15,2,20
3143,8,8,3,20,4,20
3144,8,8,3,25,4,20
3145,8,8,3,30,0,20
3146,8,8,3,35,0,20
3147,8,8,3,40,0,20
3148,8,8,3,45,0,20
3149,8,8,3,50,3,20
3150,-8,8,3,-50,20,20
3151,-8,8,3,-45,20,20
3152,-8,8,3,-40,20,20
3153,-8,8,3,-35,20,20
3154,-8,8,3,-30,20,20
3155,-8,8,3,-25,20,20
3156,-8,8,3,-20,20,20
3157,-8,8,3,-15,20,20
3158,-8,8,3,-14,20,20
3159,-8,8,3,-13,20,20
3160,-8,8,3,-12,20,20
3161,-8,8,3,-11,20,20
3162,-8,8,3,-10,20,20
3163,-8,8,3,-9,20,20
3164,-8,8,3,-8,20,20
3165,-8,8,3,-7,20,20
3166,-8,8,3,-6,20,20
3167,-8,8,3,-5,20,20
3168,-8,8,3,-4,20,20
3169,-8,8,3,-3,20,20
3170,-8,8,3,-2,20,20
3171,-8,8,3,-1,20,20
3172,-8,8,3,0,20,20
3173,-8,8,3,1,20,20
3174,-8,8,3,2,20,20
3175,-8,8,3,3,20,20
3176,-8,8,3,4,20,20
3177,-8,8,3,5,20,20
3178,-8,8,3,6,20,20
3179,-8,8,3,7,20,20
3180,-8,8,3,8,20,20
3181,-8,8,3,9,20,20
3182,-8,8,3,10,20,20
3183,-8,8,3,11,20,20
3184,-8,8,3,12,20,20
3185,-8,8,3,13,20,20
3186,-8,8,3,14,20,20
3187,-8,8,3,15,20,20
3188,-8,8,3,20,20,20
3189,-8,8,3,25,20,20
3190,-8,8,3,30,20,20
3191,-8,8,3,35,20,20
3192,-8,8,3,40,20,20
3193,-8,8,3,45,20,20
3194,-8,8,3,50,20,20
3195,-4,8,3,-50,20,20
3196,-4,8,3,-45,20,20
3197,-4,8,3,-40,20,20
3198,-4,8,3,-35,20,20
3199,-4,8,3,-30,20,20
3200,-4,8,3,-25,20,20
3201,-4,8,3,-20,20,20
3202,-4,8,3,-15,20,20
3203,-4,8,3,-14,20,20
3204,-4,8,3,-13,20,20
3205,-4,8,3,-12,20,20
3206,-4,8,3,-11,20,20
3207,-4,8,3,-10,20,20
3208,-4,8,3,-9,20,20
3209,-4,8,3,-8,20,20
3210,-4,8,3,-7,20,20
3211,-4,8,3,-6,20,20
3212,-4,8,3,-5,20,20
3213,-4,8,3,-4,20,20
3214,-4,8,3,-3,20,20
3215,-4,8,3,-2,20,20
3216,-4,8,3,-1,20,20
3217,-4,8,3,0,20,20
3218,-4,8,3,1,20,20
3219,-4,8,3,2,20,20
3220,-4,8,3,3,20,20
3221,-4,8,3,4,20,20
3222,-4,8,3,5,20,20
3223,-4,8,3,6,20,20
3224,-4,8,3,7,20,20
3225,-4,8,3,8,20,20
3226,-4,8,3,9,20,20
3227,-4,8,3,10,20,20
3228,-4,8,3,11,20,20
3229,-4,8,3,12,20,20
3230,-4,8,3,13,20,20
3231,-4,8,3,14,20,20
3232,-4,8,3,15,20,20
3233,-4,8,3,20,20,20
3234,-4,8,3,25,20,20
3235,-4,8,3,30,20,20
3236,-4,8,3,35,20,20
3237,-4,8,3,40,20,20
3238,-4,8,3,45,20,20
3239,-4,8,3,50,20,20
3240,0,8,3,-50,20,20
3241,0,8,3,-45,20,20
3242,0,8,3,-40,20,20
3243,0,8,3,-35,20,20
3244,0,8,3,-30,20,20
3245,0,8,3,-25,20,20
3246,0,8,3,-20,20,20
3247,0,8,3,-15,20,20
3248,0,8,3,-14,20,20
3249,0,8,3,-13,20,20
3250,0,8,3,-12,20,20
3251,0,8,3,-11,20,20
3252,0,8,3,-10,20,20
3253,0,8,3,-9,20,20
3254,0,8,3,-8,20,20
3255,0,8,3,-7,20,20
3256,0,8,3,-6,20,20
3257,0,8,3,-5,20,20
3258,0,8,3,-4,20,20
3259,0,8,3,-3,20,20
3260,0,8,3,-2,20,20
3261,0,8,3,-1,20,20
3262,0,8,3,0,20,20
3263,0,8,3,1,20,20
3264,0,8,3,2,20,20
3265,0,8,3,3,20,20
3266,0,8,3,4,20,20
3267,0,8,3,5,20,20
3268,0,8,3,6,20,20
3269,0,8,3,7,20,20
3270,0,8,3,8,20,20
3271,0,8,3,9,20,20
3272,0,8,3,10,20,20
3273,0,8,3,11,20,20
3274,0,8,3,12,20,20
3275,0,8,3,13,20,20
3276,0,8,3,14,20,20
3277,0,8,3,15,20,20
3278,0,8,3,20,20,20
3279,0,8,3,25,20,20
3280,0,8,3,30,20,20
3281,0,8,3,35,20,20
3282,0,8,3,40,20,20
3283,0,8,3,45,20,20
3284,0,8,3,50,20,20
3285,2,8,3,-50,20,20
3286,2,8,3,-45,20,20
3287,2,8,3,-40,20,20
3288,2,8,3,-35,18,20
3289,2,8,3,-30,14,20
3290,2,8,3,-25,15,20
3291,2,8,3,-20,20,20
3292,2,8,3,-15,20,20
3293,2,8,3,-14,20,20
3294,2,8,3,-13,20,20
3295,2,8,3,-12,20,20
3296,2,8,3,-11,20,20
3297,2,8,3,-10,20,20
3298,2,8,3,-9,20,20
3299,2,8,3,-8,20,20
3300,2,8,3,-7,20,20
3301,2,8,3,-6,20,20
3302,2,8,3,-5,20,20
3303,2,8,3,-4,20,20
3304,2,8,3,-3,20,20
3305,2,8,3,-2,20,20
3306,2,8,3,-1,20,20
3307,2,8,3,0,20,20
3308,2,8,3,1,20,20
3309,2,8,3,2,20,20
3310,2,8,3,3,20,20
3311,2,8,3,4,20,20
3312,2,8,3,5,20,20
3313,2,8,3,6,20,20
3314,2,8,3,7,20,20
3315,2,8,3,8,20,20
3316,2,8,3,9,20,20
3317,2,8,3,10,20,20
3318,2,8,3,11,20,20
3319,2,8,3,12,20,20
3320,2,8,3,13,20,20
3321,2,8,3,14,20,20
3322,2,8,3,15,20,20
3323,2,8,3,20,20,20
3324,2,8,3,25,17,20
3325,2,8,3,30,16,20
3326,2,8,3,35,19,20
3327,2,8,3,40,18,20
3328,2,8,3,45,20,20
3329,2,8,3,50,20,20
3330,3,8,3,-50,20,20
3331,3,8,3,-45,20,20
3332,3,8,3,-40,20,20
3333,3,8,3,-35,19,20
3334,3,8,3,-30,14,20
3335,3,8,3,-25,16,20
3336,3,8,3,-20,18,20
3337,3,8,3,-15,19,20
3338,3,8,3,-14,19,20
3339,3,8,3,-13,20,20
3340,3,8,3,-12,20,20
3341,3,8,3,-11,20,20
3342,3,8,3,-10,20,20
3343,3,8,3,-9,20,20
3344,3,8,3,-8,20,20
3345,3,8,3,-7,20,20
3346,3,8,3,-6,20,20
3347,3,8,3,-5,20,20
3348,3,8,3,-4,20,20
3349,3,8,3,-3,20,20
3350,3,8,3,-2,20,20
3351,3,8,3,-1,20,20
3352,3,8,3,0,20,20
3353,3,8,3,1,20,20
3354,3,8,3,2,20,20
3355,3,8,3,3,20,20
3356,3,8,3,4,20,20
3357,3,8,3,5,20,20
3358,3,8,3,6,20,20
3359,3,8,3,7,20,20
3360,3,8,3,8,20,20
3361,3,8,3,9,20,20
3362,3,8,3,10,20,20
3363,3,8,3,11,20,20
3364,3,8,3,12,20,20
3365,3,8,3,13,20,20
3366,3,8,3,14,20,20
3367,3,8,3,15,20,20
3368,3,8,3,20,20,20
3369,3,8,3,25,15,20
3370,3,8,3,30,16,20
3371,3,8,3,35,13,20
3372,3,8,3,40,15,20
3373,3,8,3,45,18,20
3374,3,8,3,50,15,20
3375,4,8,3,-50,20,20
3376,4,8,3,-45,20,20
3377,4,8,3,-40,18,20
3378,4,8,3,-35,17,20
3379,4,8,3,-30,11,20
3380,4,8,3,-25,13,20
3381,4,8,3,-20,15,20
3382,4,8,3,-15,20,20
3383,4,8,3,-14,20,20
3384,4,8,3,-13,20,20
3385,4,8,3,-12,19,20
3386,4,8,3,-11,19,20
3387,4,8,3,-10,20,20
3388,4,8,3,-9,20,20
3389,4,8,3,-8,20,20
3390,4,8,3,-7,20,20
3391,4,8,3,-6,20,20
3392,4,8,3,-5,20,20
3393,4,8,3,-4,20,20
3394,4,8,3,-3,20,20
3395,4,8,3,-2,20,20
3396,4,8,3,-1,20,20
3397,4,8,3,0,20,20
3398,4,8,3,1,20,20
3399,4,8,3,2,20,20
3400,4,8,3,3,20,20
3401,4,8,3,4,20,20
3402,4,8,3,5,20,20
3403,4,8,3,6,20,20
3404,4,8,3,7,20,20
3405,4,8,3,8,20,20
3406,4,8,3,9,20,20
3407,4,8,3,10,20,20
3408,4,8,3,11,20,20
3409,4,8,3,12,20,20
3410,4,8,3,13,20,20
3411,4,8,3,14,20,20
3412,4,8,3,15,20,20
3413,4,8,3,20,20,20
3414,4,8,3,25,14,20
3415,4,8,3,30,14,20
3416,4,8,3,35,11,20
3417,4,8,3,40,10,20
3418,4,8,3,45,11,20
3419,4,8,3,50,16,20
3420,5,8,3,-50,15,20
3421,5,8,3,-45,20,20
3422,5,8,3,-40,17,20
3423,5,8,3,-35,12,20
3424,5,8,3,-30,11,20
3425,5,8,3,-25,13,20
3426,5,8,3,-20,18,20
3427,5,8,3,-15,19,20
3428,5,8,3,-14,16,20
3429,5,8,3,-13,18,20
3430,5,8,3,-12,19,20
3431,5,8,3,-11,18,20
3432,5,8,3,-10,19,20
3433,5,8,3,-9,20,20
3434,5,8,3,-8,20,20
3435,5,8,3,-7,20,20
3436,5,8,3,-6,20,20
3437,5,8,3,-5,20,20
3438,5,8,3,-4,20,20
3439,5,8,3,-3,20,20
3440,5,8,3,-2,20,20
3441,5,8,3,-1,20,20
3442,5,8,3,0,20,20
3443,5,8,3,1,20,20
3444,5,8,3,2,20,20
3445,5,8,3,3,20,20
3446,5,8,3,4,20,20
3447,5,8,3,5,20,20
3448,5,8,3,6,20,20
3449,5,8,3,7,20,20
3450,5,8,3,8,20,20
3451,5,8,3,9,20,20
3452,5,8,3,10,20,20
3453,5,8,3,11,20,20
3454,5,8,3,12,20,20
3455,5,8,3,13,20,20
3456,5,8,3,14,20,20
3457,5,8,3,15,20,20
3458,5,8,3,20,17,20
3459,5,8,3,25,18,20
3460,5,8,3,30,8,20
3461,5,8,3,35,9,20
3462,5,8,3,40,7,20
3463,5,8,3,45,8,20
3464,5,8,3,50,16,20
3465,6,8,3,-50,16,20
3466,6,8,3,-45,16,20
3467,6,8,3,-40,17,20
3468,6,8,3,-35,8,20
3469,6,8,3,-30,4,20
3470,6,8,3,-25,8,20
3471,6,8,3,-20,11,20
3472,6,8,3,-15,15,20
3473,6,8,3,-14,15,20
3474,6,8,3,-13,15,20
3475,6,8,3,-12,18,20
3476,6,8,3,-11,16,20
3477,6,8,3,-10,19,20
3478,6,8,3,-9,19,20
3479,6,8,3,-8,16,20
3480,6,8,3,-7,20,20
3481,6,8,3,-6,18,20
3482,6,8,3,-5,20,20
3483,6,8,3,-4,20,20
3484,6,8,3,-3,19,20
3485,6,8,3,-2,20,20
3486,6,8,3,-1,20,20
3487,6,8,3,0,20,20
3488,6,8,3,1,20,20
3489,6,8,3,2,18,20
3490,6,8,3,3,19,20
3491,6,8,3,4,20,20
3492,6,8,3,5,20,20
3493,6,8,3,6,19,20
3494,6,8,3,7,18,20
3495,6,8,3,8,20,20
3496,6,8,3,9,20,20
3497,6,8,3,10,19,20
3498,6,8,3,11,18,20
3499,6,8,3,12,18,20
3500,6,8,3,13,18,20
3501,6,8,3,14,16,20
3502,6,8,3,15,17,20
3503,6,8,3,20,17,20
3504,6,8,3,25,13,20
3505,6,8,3,30,5,20
3506,6,8,3,35,3,20
3507,6,8,3,40,7,20
3508,6,8,3,45,7,20
3509,6,8,3,50,13,20
3510,7,8,3,-50,12,20
3511,7,8,3,-45,17,20
3512,7,8,3,-40,11,20
3513,7,8,3,-35,3,20
3514,7,8,3,-30,1,20
3515,7,8,3,-25,2,20
3516,7,8,3,-20,7,20
3517,7,8,3,-15,10,20
3518,7,8,3,-14,12,20
3519,7,8,3,-13,11,20
3520,7,8,3,-12,16,20
3521,7,8,3,-11,17,20
3522,7,8,3,-10,17,20
3523,7,8,3,-9,15,20
3524,7,8,3,-8,16,20
3525,7,8,3,-7,17,20
3526,7,8,3,-6,13,20
3527,7,8,3,-5,15,20
3528,7,8,3,-4,14,20
3529,7,8,3,-3,16,20
3530,7,8,3,-2,17,20
3531,7,8,3,-1,18,20
3532,7,8,3,0,14,20
3533,7,8,3,1,17,20
3534,7,8,3,2,15,20
3535,7,8,3,3,17,20
3536,7,8,3,4,12,20
3537,7,8,3,5,15,20
3538,7,8,3,6,10,20
3539,7,8,3,7,10,20
3540,7,8,3,8,12,20
3541,7,8,3,9,11,20
3542,7,8,3,10,10,20
3543,7,8,3,11,11,20
3544,7,8,3,12,9,20
3545,7,8,3,13,14,20
3546,7,8,3,14,13,20
3547,7,8,3,15,10,20
3548,7,8,3,20,13,20
3549,7,8,3,25,10,20
3550,7,8,3,30,2,20
3551,7,8,3,35,6,20
3552,7,8,3,40,8,20
3553,7,8,3,45,7,20
3554,7,8,3,50,9,20
3555,8,8,3,-50,5,20
3556,8,8,3,-45,2,20
3557,8,8,3,-40,2,20
3558,8,8,3,-35,0,20
3559,8,8,3,-30,0,20
3560,8,8,3,-25,0,20
3561,8,8,3,-20,3,20
3562,8,8,3,-15,3,20
3563,8,8,3,-14,3,20
3564,8,8,3,-13,1,20
3565,8,8,3,-12,5,20
3566,8,8,3,-11,5,20
3567,8,8,3,-10,4,20
3568,8,8,3,-9,3,20
3569,8,8,3,-8,2,20
3570,8,8,3,-7,2,20
3571,8,8,3,-6,3,20
3572,8,8,3,-5,3,20
3573,8,8,3,-4,0,20
3574,8,8,3,-3,2,20
3575,8,8,3,-2,1,20
3576,8,8,3,-1,2,20
3577,8,8,3,0,2,20
3578,8,8,3,1,3,20
3579,8,8,3,2,0,20
3580,8,8,3,3,0,20
3581,8,8,3,4,1,20
3582,8,8,3,5,0,20
3583,8,8,3,6,2,20
3584,8,8,3,7,2,20
3585,8,8,3,8,1,20
3586,8,8,3,9,1,20
3587,8,8,3,10,1,20
3588,8,8,3,11,3,20
3589,8,8,3,12,4,20
3590,8,8,3,13,2,20
3591,8,8,3,14,5,20
3592,8,8,3,15,4,20
3593,8,8,3,20,5,20
3594,8,8,3,25,1,20
3595,8,8,3,30,1,20
3596,8,8,3,35,0,20
3597,8,8,3,40,0,20
3598,8,8,3,45,4,20
3599,8,8,3,50,2,20
3600,8,-8,4,-50,20,20
3601,8,-8,4,-45,20,20
3602,8,-8,4,-40,20,20
3603,8,-8,4,-35,20,20
3604,8,-8,4,-30,20,20
3605,8,-8,4,-25,20,20
3606,8,-8,4,-20,20,20
3607,8,-8,4,-15,20,20
3608,8,-8,4,-14,20,20
3609,8,-8,4,-13,20,20
3610,8,-8,4,-12,20,20
3611,8,-8,4,-11,20,20
3612,8,-8,4,-10,20,20
3613,8,-8,4,-9,20,20
3614,8,-8,4,-8,20,20
3615,8,-8,4,-7,20,20
3616,8,-8,4,-6,20,20
3617,8,-8,4,-5,20,20
3618,8,-8,4,-4,20,20
3619,8,-8,4,-3,20,20
3620,8,-8,4,-2,20,20
3621,8,-8,4,-1,20,20
3622,8,-8,4,0,20,20
3623,8,-8,4,1,20,20
3624,8,-8,4,2,20,20
3625,8,-8,4,3,20,20
3626,8,-8,4,4,20,20
3627,8,-8,4,5,20,20
3628,8,-8,4,6,20,20
3629,8,-8,4,7,20,20
3630,8,-8,4,8,20,20
3631,8,-8,4,9,20,20
3632,8,-8,4,10,20,20
3633,8,-8,4,11,20,20
3634,8,-8,4,12,20,20
3635,8,-8,4,13,20,20
3636,8,-8,4,14,20,20
3637,8,-8,4,15,20,20
3638,8,-8,4,20,20,20
3639,8,-8,4,25,20,20
3640,8,-8,4,30,20,20
3641,8,-8,4,35,20,20
3642,8,-8,4,40,20,20
3643,8,-8,4,45,20,20
3644,8,-8,4,50,20,20
3645,8,-4,4,-50,20,20
3646,8,-4,4,-45,20,20
3647,8,-4,4,-40,20,20
3648,8,-4,4,-35,20,20
3649,8,-4,4,-30,20,20
3650,8,-4,4,-25,20,20
3651,8,-4,4,-20,20,20
3652,8,-4,4,-15,20,20
3653,8,-4,4,-14,20,20
3654,8,-4,4,-13,20,20
3655,8,-4,4,-12,20,20
3656,8,-4,4,-11,20,20
3657,8,-4,4,-10,20,20
3658,8,-4,4,-9,20,20
3659,8,-4,4,-8,20,20
3660,8,-4,4,-7,20,20
3661,8,-4,4,-6,20,20
3662,8,-4,4,-5,20,20
3663,8,-4,4,-4,20,20
3664,8,-4,4,-3,20,20
3665,8,-4,4,-2,20,20
3666,8,-4,4,-1,20,20
3667,8,-4,4,0,20,20
3668,8,-4,4,1,20,20
3669,8,-4,4,2,20,20
3670,8,-4,4,3,20,20
3671,8,-4,4,4,20,20
3672,8,-4,4,5,20,20
3673,8,-4,4,6,20,20
3674,8,-4,4,7,20,20
3675,8,-4,4,8,20,20
3676,8,-4,4,9,19,20
3677,8,-4,4,10,20,20
3678,8,-4,4,11,20,20
3679,8,-4,4,12,20,20
3680,8,-4,4,13,20,20
3681,8,-4,4,14,20,20
3682,8,-4,4,15,20,20
3683,8,-4,4,20,20,20
3684,8,-4,4,25,20,20
3685,8,-4,4,30,20,20
3686,8,-4,4,35,20,20
3687,8,-4,4,40,20,20
3688,8,-4,4,45,20,20
3689,8,-4,4,50,20,20
3690,8,0,4,-50,20,20
3691,8,0,4,-45,20,20
3692,8,0,4,-40,20,20
3693,8,0,4,-35,19,20
3694,8,0,4,-30,20,20
3695,8,0,4,-25,20,20
3696,8,0,4,-20,20,20
3697,8,0,4,-15,18,20
3698,8,0,4,-14,17,20
3699,8,0,4,-13,17,20
3700,8,0,4,-12,19,20
3701,8,0,4,-11,20,20
3702,8,0,4,-10,18,20
3703,8,0,4,-9,18,20
3704,8,0,4,-8,19,20
3705,8,0,4,-7,20,20
3706,8,0,4,-6,19,20
3707,8,0,4,-5,20,20
3708,8,0,4,-4,20,20
3709,8,0,4,-3,20,20
3710,8,0,4,-2,20,20
3711,8,0,4,-1,20,20
3712,8,0,4,0,20,20
3713,8,0,4,1,20,20
3714,8,0,4,2,20,20
3715,8,0,4,3,20,20
3716,8,0,4,4,20,20
3717,8,0,4,5,19,20
3718,8,0,4,6,20,20
3719,8,0,4,7,20,20
3720,8,0,4,8,20,20
3721,8,0,4,9,19,20
3722,8,0,4,10,19,20
3723,8,0,4,11,20,20
3724,8,0,4,12,18,20
3725,8,0,4,13,18,20
3726,8,0,4,14,20,20
3727,8,0,4,15,17,20
3728,8,0,4,20,17,20
3729,8,0,4,25,20,20
3730,8,0,4,30,20,20
3731,8,0,4,35,20,20
3732,8,0,4,40,20,20
3733,8,0,4,45,20,20
3734,8,0,4,50,20,20
3735,8,2,4,-50,7,20
3736,8,2,4,-45,8,20
3737,8,2,4,-40,4,20
3738,8,2,4,-35,3,20
3739,8,2,4,-30,2,20
3740,8,2,4,-25,2,20
3741,8,2,4,-20,4,20
3742,8,2,4,-15,5,20
3743,8,2,4,-14,4,20
3744,8,2,4,-13,6,20
3745,8,2,4,-12,5,20
3746,8,2,4,-11,6,20
3747,8,2,4,-10,3,20
3748,8,2,4,-9,5,20
3749,8,2,4,-8,11,20
3750,8,2,4,-7,6,20
3751,8,2,4,-6,10,20
3752,8,2,4,-5,11,20
3753,8,2,4,-4,17,20
3754,8,2,4,-3,15,20
3755,8,2,4,-2,14,20
3756,8,2,4,-1,17,20
3757,8,2,4,0,15,20
3758,8,2,4,1,17,20
3759,8,2,4,2,14,20
3760,8,2,4,3,16,20
3761,8,2,4,4,12,20
3762,8,2,4,5,11,20
3763,8,2,4,6,8,20
3764,8,2,4,7,10,20
3765,8,2,4,8,8,20
3766,8,2,4,9,8,20
3767,8,2,4,10,4,20
3768,8,2,4,11,3,20
3769,8,2,4,12,4,20
3770,8,2,4,13,1,20
3771,8,2,4,14,5,20
3772,8,2,4,15,4,20
3773,8,2,4,20,5,20
3774,8,2,4,25,5,20
3775,8,2,4,30,10,20
3776,8,2,4,35,12,20
3777,8,2,4,40,10,20
3778,8,2,4,45,13,20
3779,8,2,4,50,10,20
3780,8,3,4,-50,1,20
3781,8,3,4,-45,0,20
3782,8,3,4,-40,1,20
3783,8,3,4,-35,0,20
3784,8,3,4,-30,0,20
3785,8,3,4,-25,0,20
3786,8,3,4,-20,0,20
3787,8,3,4,-15,0,20
3788,8,3,4,-14,1,20
3789,8,3,4,-13,0,20
3790,8,3,4,-12,1,20
3791,8,3,4,-11,0,20
3792,8,3,4,-10,1,20
3793,8,3,4,-9,2,20
3794,8,3,4,-8,1,20
3795,8,3,4,-7,1,20
3796,8,3,4,-6,1,20
3797,8,3,4,-5,1,20
3798,8,3,4,-4,1,20
3799,8,3,4,-3,3,20
3800,8,3,4,-2,3,20
3801,8,3,4,-1,2,20
3802,8,3,4,0,3,20
3803,8,3,4,1,2,20
3804,8,3,4,2,0,20
3805,8,3,4,3,1,20
3806,8,3,4,4,0,20
3807,8,3,4,5,1,20
3808,8,3,4,6,1,20
3809,8,3,4,7,0,20
3810,8,3,4,8,0,20
3811,8,3,4,9,0,20
3812,8,3,4,10,1,20
3813,8,3,4,11,0,20
3814,8,3,4,12,0,20
3815,8,3,4,13,0,20
3816,8,3,4,14,0,20
3817,8,3,4,15,0,20
3818,8,3,4,20,1,20
3819,8,3,4,25,0,20
3820,8,3,4,30,0,20
3821,8,3,4,35,1,20
3822,8,3,4,40,1,20
3823,8,3,4,45,2,20
3824,8,3,4,50,2,20
3825,8,4,4,-50,0,20
3826,8,4,4,-45,0,20
3827,8,4,4,-40,0,20
3828,8,4,4,-35,0,20
3829,8,4,4,-30,0,20
3830,8,4,4,-25,0,20
3831,8,4,4,-20,0,20
3832,8,4,4,-15,0,20
3833,8,4,4,-14,0,20
3834,8,4,4,-13,0,20
3835,8,4,4,-12,0,20
3836,8,4,4,-11,0,20
3837,8,4,4,-10,0,20
3838,8,4,4,-9,0,20
3839,8,4,4,-8,0,20
3840,8,4,4,-7,0,20
3841,8,4,4,-6,0,20
3842,8,4,4,-5,0,20
3843,8,4,4,-4,0,20
3844,8,4,4,-3,0,20
3845,8,4,4,-2,0,20
3846,8,4,4,-1,0,20
3847,8,4,4,0,0,20
3848,8,4,4,1,0,20
3849,8,4,4,2,0,20
3850,8,4,4,3,0,20
3851,8,4,4,4,0,20
3852,8,4,4,5,0,20
3853,8,4,4,6,0,20
3854,8,4,4,7,0,20
3855,8,4,4,8,0,20
3856,8,4,4,9,0,20
3857,8,4,4,10,0,20
3858,8,4,4,11,0,20
3859,8,4,4,12,0,20
3860,8,4,4,13,0,20
3861,8,4,4,14,0,20
3862,8,4,4,15,0,20
3863,8,4,4,20,0,20
3864,8,4,4,25,0,20
3865,8,4,4,30,0,20
3866,8,4,4,35,0,20
3867,8,4,4,40,0,20
3868,8,4,4,45,0,20
3869,8,4,4,50,0,20
3870,8,5,4,-50,0,20
3871,8,5,4,-45,0,20
3872,8,5,4,-40,0,20
3873,8,5,4,-35,0,20
3874,8,5,4,-30,0,20
3875,8,5,4,-25,0,20
3876,8,5,4,-20,0,20
3877,8,5,4,-15,0,20
3878,8,5,4,-14,0,20
3879,8,5,4,-13,0,20
3880,8,5,4,-12,0,20
3881,8,5,4,-11,0,20
3882,8,5,4,-10,0,20
3883,8,5,4,-9,0,20
3884,8,5,4,-8,0,20
3885,8,5,4,-7,0,20
3886,8,5,4,-6,0,20
3887,8,5,4,-5,0,20
3888,8,5,4,-4,0,20
3889,8,5,4,-3,0,20
3890,8,5,4,-2,0,20
3891,8,5,4,-1,0,20
3892,8,5,4,0,0,20
3893,8,5,4,1,0,20
3894,8,5,4,2,0,20
3895,8,5,4,3,0,20
3896,8,5,4,4,0,20
3897,8,5,4,5,0,20
3898,8,5,4,6,0,20
3899,8,5,4,7,0,20
3900,8,5,4,8,0,20
3901,8,5,4,9,0,20
3902,8,5,4,10,0,20
3903,8,5,4,11,0,20
3904,8,5,4,12,0,20
3905,8,5,4,13,0,20
3906,8,5,4,14,0,20
3907,8,5,4,15,0,20
3908,8,5,4,20,0,20
3909,8,5,4,25,0,20
3910,8,5,4,30,0,20
3911,8,5,4,35,0,20
3912,8,5,4,40,0,20
3913,8,5,4,45,0,20
3914,8,5,4,50,0,20
3915,8,6,4,-50,0,20
3916,8,6,4,-45,0,20
3917,8,6,4,-40,0,20
3918,8,6,4,-35,0,20
3919,8,6,4,-30,0,20
3920,8,6,4,-25,0,20
3921,8,6,4,-20,0,20
3922,8,6,4,-15,0,20
3923,8,6,4,-14,0,20
3924,8,6,4,-13,0,20
3925,8,6,4,-12,0,20
3926,8,6,4,-11,0,20
3927,8,6,4,-10,0,20
3928,8,6,4,-9,0,20
3929,8,6,4,-8,0,20
3930,8,6,4,-7,0,20
3931,8,6,4,-6,0,20
3932,8,6,4,-5,0,20
3933,8,6,4,-4,0,20
3934,8,6,4,-3,0,20
3935,8,6,4,-2,0,20
3936,8,6,4,-1,0,20
3937,8,6,4,0,0,20
3938,8,6,4,1,0,20
3939,8,6,4,2,0,20
3940,8,6,4,3,0,20
3941,8,6,4,4,0,20
3942,8,6,4,5,0,20
3943,8,6,4,6,0,20
3944,8,6,4,7,0,20
3945,8,6,4,8,0,20
3946,8,6,4,9,0,20
3947,8,6,4,10,0,20
3948,8,6,4,11,0,20
3949,8,6,4,12,0,20
3950,8,6,4,13,0,20
3951,8,6,4,14,0,20
3952,8,6,4,15,0,20
3953,8,6,4,20,0,20
3954,8,6,4,25,0,20
3955,8,6,4,30,0,20
3956,8,6,4,35,0,20
3957,8,6,4,40,0,20
3958,8,6,4,45,0,20
3959,8,6,4,50,0,20
3960,8,7,4,-50,0,20
3961,8,7,4,-45,0,20
3962,8,7,4,-40,0,20
3963,8,7,4,-35,0,20
3964,8,7,4,-30,0,20
3965,8,7,4,-25,0,20
3966,8,7,4,-20,0,20
3967,8,7,4,-15,0,20
3968,8,7,4,-14,0,20
3969,8,7,4,-13,0,20
3970,8,7,4,-12,0,20
3971,8,7,4,-11,0,20
3972,8,7,4,-10,0,20
3973,8,7,4,-9,0,20
3974,8,7,4,-8,0,20
3975,8,7,4,-7,0,20
3976,8,7,4,-6,0,20
3977,8,7,4,-5,0,20
3978,8,7,4,-4,0,20
3979,8,7,4,-3,0,20
3980,8,7,4,-2,0,20
3981,8,7,4,-1,0,20
3982,8,7,4,0,0,20
3983,8,7,4,1,0,20
3984,8,7,4,2,0,20
3985,8,7,4,3,0,20
3986,8,7,4,4,0,20
3987,8,7,4,5,0,20
3988,8,7,4,6,0,20
3989,8,7,4,7,0,20
3990,8,7,4,8,0,20
3991,8,7,4,9,0,20
3992,8,7,4,10,0,20
3993,8,7,4,11,0,20
3994,8,7,4,12,0,20
3995,8,7,4,13,0,20
3996,8,7,4,14,0,20
3997,8,7,4,15,0,20
3998,8,7,4,20,0,20
3999,8,7,4,25,0,20
4000,8,7,4,30,0,20
4001,8,7,4,35,0,20
4002,8,7,4,40,0,20
4003,8,7,4,45,0,20
4004,8,7,4,50,0,20
4005,8,8,4,-50,0,20
4006,8,8,4,-45,0,20
4007,8,8,4,-40,0,20
4008,8,8,4,-35,0,20
4009,8,8,4,-30,0,20
4010,8,8,4,-25,0,20
4011,8,8,4,-20,0,20
4012,8,8,4,-15,0,20
4013,8,8,4,-14,0,20
4014,8,8,4,-13,0,20
4015,8,8,4,-12,0,20
4016,8,8,4,-11,0,20
4017,8,8,4,-10,0,20
4018,8,8,4,-9,0,20
4019,8,8,4,-8,0,20
4020,8,8,4,-7,0,20
4021,8,8,4,-6,0,20
4022,8,8,4,-5,0,20
4023,8,8,4,-4,0,20
4024,8,8,4,-3,0,20
4025,8,8,4,-2,0,20
4026,8,8,4,-1,0,20
4027,8,8,4,0,0,20
4028,8,8,4,1,0,20
4029,8,8,4,2,0,20
4030,8,8,4,3,0,20
4031,8,8,4,4,0,20
4032,8,8,4,5,0,20
4033,8,8,4,6,0,20
4034,8,8,4,7,0,20
4035,8,8,4,8,0,20
4036,8,8,4,9,0,20
4037,8,8,4,10,0,20
4038,8,8,4,11,0,20
4039,8,8,4,12,0,20
4040,8,8,4,13,0,20
4041,8,8,4,14,0,20
4042,8,8,4,15,0,20
4043,8,8,4,20,0,20
4044,8,8,4,25,0,20
4045,8,8,4,30,0,20
4046,8,8,4,35,0,20
4047,8,8,4,40,0,20
4048,8,8,4,45,0,20
4049,8,8,4,50,0,20
4050,-8,8,4,-50,20,20
4051,-8,8,4,-45,20,20
4052,-8,8,4,-40,20,20
4053,-8,8,4,-35,20,20
4054,-8,8,4,-30,20,20
4055,-8,8,4,-25,20,20
4056,-8,8,4,-20,20,20
4057,-8,8,4,-15,20,20
4058,-8,8,4,-14,20,20
4059,-8,8,4,-13,20,20
4060,-8,8,4,-12,20,20
4061,-8,8,4,-11,20,20
4062,-8,8,4,-10,20,20
4063,-8,8,4,-9,20,20
4064,-8,8,4,-8,20,20
4065,-8,8,4,-7,20,20
4066,-8,8,4,-6,20,20
4067,-8,8,4,-5,20,20
4068,-8,8,4,-4,20,20
4069,-8,8,4,-3,20,20
4070,-8,8,4,-2,20,20
4071,-8,8,4,-1,20,20
4072,-8,8,4,0,20,20
4073,-8,8,4,1,20,20
4074,-8,8,4,2,20,20
4075,-8,8,4,3,20,20
4076,-8,8,4,4,20,20
4077,-8,8,4,5,20,20
4078,-8,8,4,6,20,20
4079,-8,8,4,7,20,20
4080,-8,8,4,8,20,20
4081,-8,8,4,9,20,20
4082,-8,8,4,10,20,20
4083,-8,8,4,11,20,20
4084,-8,8,4,12,20,20
4085,-8,8,4,13,20,20
4086,-8,8,4,14,20,20
4087,-8,8,4,15,20,20
4088,-8,8,4,20,20,20
4089,-8,8,4,25,20,20
4090,-8,8,4,30,20,20
4091,-8,8,4,35,20,20
4092,-8,8,4,40,20,20
4093,-8,8,4,45,20,20
4094,-8,8,4,50,20,20
4095,-4,8,4,-50,20,20
4096,-4,8,4,-45,20,20
4097,-4,8,4,-40,20,20
4098,-4,8,4,-35,20,20
4099,-4,8,4,-30,20,20
4100,-4,8,4,-25,20,20
4101,-4,8,4,-20,20,20
4102,-4,8,4,-15,20,20
4103,-4,8,4,-14,20,20
4104,-4,8,4,-13,20,20
4105,-4,8,4,-12,20,20
4106,-4,8,4,-11,20,20
4107,-4,8,4,-10,20,20
4108,-4,8,4,-9,20,20
4109,-4,8,4,-8,20,20
4110,-4,8,4,-7,20,20
4111,-4,8,4,-6,20,20
4112,-4,8,4,-5,20,20
4113,-4,8,4,-4,20,20
4114,-4,8,4,-3,20,20
4115,-4,8,4,-2,20,20
4116,-4,8,4,-1,20,20
4117,-4,8,4,0,20,20
4118,-4,8,4,1,20,20
4119,-4,8,4,2,20,20
4120,-4,8,4,3,20,20
4121,-4,8,4,4,20,20
4122,-4,8,4,5,20,20
4123,-4,8,4,6,20,20
4124,-4,8,4,7,20,20
4125,-4,8,4,8,20,20
4126,-4,8,4,9,20,20
4127,-4,8,4,10,20,20
4128,-4,8,4,11,20,20
4129,-4,8,4,12,20,20
4130,-4,8,4,13,20,20
4131,-4,8,4,14,20,20
4132,-4,8,4,15,20,20
4133,-4,8,4,20,20,20
4134,-4,8,4,25,20,20
4135,-4,8,4,30,20,20
4136,-4,8,4,35,20,20
4137,-4,8,4,40,20,20
4138,-4,8,4,45,20,20
4139,-4,8,4,50,20,20
4140,0,8,4,-50,20,20
4141,0,8,4,-45,20,20
4142,0,8,4,-40,20,20
4143,0,8,4,-35,20,20
4144,0,8,4,-30,20,20
4145,0,8,4,-25,20,20
4146,0,8,4,-20,20,20
4147,0,8,4,-15,20,20
4148,0,8,4,-14,20,20
4149,0,8,4,-13,20,20
4150,0,8,4,-12,19,20
4151,0,8,4,-11,20,20
4152,0,8,4,-10,20,20
4153,0,8,4,-9,20,20
4154,0,8,4,-8,20,20
4155,0,8,4,-7,20,20
4156,0,8,4,-6,20,20
4157,0,8,4,-5,20,20
4158,0,8,4,-4,20,20
4159,0,8,4,-3,20,20
4160,0,8,4,-2,20,20
4161,0,8,4,-1,20,20
4162,0,8,4,0,20,20
4163,0,8,4,1,20,20
4164,0,8,4,2,20,20
4165,0,8,4,3,20,20
4166,0,8,4,4,20,20
4167,0,8,4,5,20,20
4168,0,8,4,6,20,20
4169,0,8,4,7,20,20
4170,0,8,4,8,20,20
4171,0,8,4,9,20,20
4172,0,8,4,10,20,20
4173,0,8,4,11,20,20
4174,0,8,4,12,20,20
4175,0,8,4,13,20,20
4176,0,8,4,14,20,20
4177,0,8,4,15,20,20
4178,0,8,4,20,20,20
4179,0,8,4,25,20,20
4180,0,8,4,30,20,20
4181,0,8,4,35,20,20
4182,0,8,4,40,20,20
4183,0,8,4,45,20,20
4184,0,8,4,50,20,20
4185,2,8,4,-50,20,20
4186,2,8,4,-45,19,20
4187,2,8,4,-40,20,20
4188,2,8,4,-35,17,20
4189,2,8,4,-30,13,20
4190,2,8,4,-25,14,20
4191,2,8,4,-20,15,20
4192,2,8,4,-15,13,20
4193,2,8,4,-14,17,20
4194,2,8,4,-13,12,20
4195,2,8,4,-12,15,20
4196,2,8,4,-11,15,20
4197,2,8,4,-10,18,20
4198,2,8,4,-9,16,20
4199,2,8,4,-8,16,20
4200,2,8,4,-7,18,20
4201,2,8,4,-6,19,20
4202,2,8,4,-5,20,20
4203,2,8,4,-4,20,20
4204,2,8,4,-3,20,20
4205,2,8,4,-2,20,20
4206,2,8,4,-1,19,20
4207,2,8,4,0,20,20
4208,2,8,4,1,20,20
4209,2,8,4,2,20,20
4210,2,8,4,3,20,20
4211,2,8,4,4,18,20
4212,2,8,4,5,20,20
4213,2,8,4,6,18,20
4214,2,8,4,7,20,20
4215,2,8,4,8,16,20
4216,2,8,4,9,19,20
4217,2,8,4,10,17,20
4218,2,8,4,11,19,20
4219,2,8,4,12,17,20
4220,2,8,4,13,18,20
4221,2,8,4,14,18,20
4222,2,8,4,15,20,20
4223,2,8,4,20,17,20
4224,2,8,4,25,18,20
4225,2,8,4,30,15,20
4226,2,8,4,35,12,20
4227,2,8,4,40,14,20
4228,2,8,4,45,19,20
4229,2,8,4,50,20,20
4230,3,8,4,-50,19,20
4231,3,8,4,-45,18,20
4232,3,8,4,-40,15,20
4233,3,8,4,-35,16,20
4234,3,8,4,-30,14,20
4235,3,8,4,-25,8,20
4236,3,8,4,-20,9,20
4237,3,8,4,-15,11,20
4238,3,8,4,-14,8,20
4239,3,8,4,-13,11,20
4240,3,8,4,-12,10,20
4241,3,8,4,-11,15,20
4242,3,8,4,-10,13,20
4243,3,8,4,-9,16,20
4244,3,8,4,-8,11,20
4245,3,8,4,-7,16,20
4246,3,8,4,-6,19,20
4247,3,8,4,-5,16,20
4248,3,8,4,-4,17,20
4249,3,8,4,-3,18,20
4250,3,8,4,-2,19,20
4251,3,8,4,-1,20,20
4252,3,8,4,0,20,20
4253,3,8,4,1,19,20
4254,3,8,4,2,19,20
4255,3,8,4,3,17,20
4256,3,8,4,4,18,20
4257,3,8,4,5,19,20
4258,3,8,4,6,15,20
4259,3,8,4,7,15,20
4260,3,8,4,8,13,20
4261,3,8,4,9,14,20
4262,3,8,4,10,14,20
4263,3,8,4,11,11,20
4264,3,8,4,12,15,20
4265,3,8,4,13,17,20
4266,3,8,4,14,11,20
4267,3,8,4,15,14,20
4268,3,8,4,20,12,20
4269,3,8,4,25,12,20
4270,3,8,4,30,13,20
4271,3,8,4,35,11,20
4272,3,8,4,40,11,20
4273,3,8,4,45,14,20
4274,3,8,4,50,18,20
4275,4,8,4,-50,8,20
4276,4,8,4,-45,8,20
4277,4,8,4,-40,9,20
4278,4,8,4,-35,8,20
4279,4,8,4,-30,4,20
4280,4,8,4,-25,6,20
4281,4,8,4,-20,3,20
4282,4,8,4,-15,4,20
4283,4,8,4,-14,6,20
4284,4,8,4,-13,7,20
4285,4,8,4,-12,4,20
4286,4,8,4,-11,4,20
4287,4,8,4,-10,3,20
4288,4,8,4,-9,10,20
4289,4,8,4,-8,6,20
4290,4,8,4,-7,12,20
4291,4,8,4,-6,9,20
4292,4,8,4,-5,12,20
4293,4,8,4,-4,14,20
4294,4,8,4,-3,13,20
4295,4,8,4,-2,14,20
4296,4,8,4,-1,13,20
4297,4,8,4,0,15,20
4298,4,8,4,1,16,20
4299,4,8,4,2,15,20
4300,4,8,4,3,12,20
4301,4,8,4,4,13,20
4302,4,8,4,5,10,20
4303,4,8,4,6,11,20
4304,4,8,4,7,8,20
4305,4,8,4,8,11,20
4306,4,8,4,9,10,20
4307,4,8,4,10,7,20
4308,4,8,4,11,8,20
4309,4,8,4,12,4,20
4310,4,8,4,13,11,20
4311,4,8,4,14,7,20
4312,4,8,4,15,5,20
4313,4,8,4,20,3,20
4314,4,8,4,25,5,20
4315,4,8,4,30,9,20
4316,4,8,4,35,7,20
4317,4,8,4,40,6,20
4318,4,8,4,45,5,20
4319,4,8,4,50,5,20
4320,5,8,4,-50,1,20
4321,5,8,4,-45,2,20
4322,5,8,4,-40,1,20
4323,5,8,4,-35,3,20
4324,5,8,4,-30,1,20
4325,5,8,4,-25,1,20
4326,5,8,4,-20,2,20
4327,5,8,4,-15,1,20
4328,5,8,4,-14,0,20
4329,5,8,4,-13,3,20
4330,5,8,4,-12,1,20
4331,5,8,4,-11,0,20
4332,5,8,4,-10,0,20
4333,5,8,4,-9,3,20
4334,5,8,4,-8,5,20
4335,5,8,4,-7,0,20
4336,5,8,4,-6,4,20
4337,5,8,4,-5,6,20
4338,5,8,4,-4,0,20
4339,5,8,4,-3,3,20
4340,5,8,4,-2,5,20
4341,5,8,4,-1,8,20
4342,5,8,4,0,3,20
4343,5,8,4,1,3,20
4344,5,8,4,2,5,20
4345,5,8,4,3,1,20
4346,5,8,4,4,6,20
4347,5,8,4,5,2,20
4348,5,8,4,6,5,20
4349,5,8,4,7,1,20
4350,5,8,4,8,5,20
4351,5,8,4,9,2,20
4352,5,8,4,10,2,20
4353,5,8,4,11,2,20
4354,5,8,4,12,3,20
4355,5,8,4,13,1,20
4356,5,8,4,14,3,20
4357,5,8,4,15,1,20
4358,5,8,4,20,1,20
4359,5,8,4,25,0,20
4360,5,8,4,30,0,20
4361,5,8,4,35,2,20
4362,5,8,4,40,0,20
4363,5,8,4,45,0,20
4364,5,8,4,50,3,20
4365,6,8,4,-50,0,20
4366,6,8,4,-45,0,20
4367,6,8,4,-40,0,20
4368,6,8,4,-35,0,20
4369,6,8,4,-30,0,20
4370,6,8,4,-25,0,20
4371,6,8,4,-20,0,20
4372,6,8,4,-15,0,20
4373,6,8,4,-14,0,20
4374,6,8,4,-13,0,20
4375,6,8,4,-12,0,20
4376,6,8,4,-11,0,20
4377,6,8,4,-10,0,20
4378,6,8,4,-9,0,20
4379,6,8,4,-8,0,20
4380,6,8,4,-7,0,20
4381,6,8,4,-6,0,20
4382,6,8,4,-5,0,20
4383,6,8,4,-4,0,20
4384,6,8,4,-3,0,20
4385,6,8,4,-2,0,20
4386,6,8,4,-1,1,20
4387,6,8,4,0,0,20
4388,6,8,4,1,0,20
4389,6,8,4,2,0,20
4390,6,8,4,3,0,20
4391,6,8,4,4,0,20
4392,6,8,4,5,0,20
4393,6,8,4,6,0,20
4394,6,8,4,7,0,20
4395,6,8,4,8,0,20
4396,6,8,4,9,0,20
4397,6,8,4,10,0,20
4398,6,8,4,11,0,20
4399,6,8,4,12,0,20
4400,6,8,4,13,0,20
4401,6,8,4,14,0,20
4402,6,8,4,15,0,20
4403,6,8,4,20,0,20
4404,6,8,4,25,0,20
4405,6,8,4,30,0,20
4406,6,8,4,35,0,20
4407,6,8,4,40,0,20
4408,6,8,4,45,0,20
4409,6,8,4,50,0,20
4410,7,8,4,-50,0,20
4411,7,8,4,-45,0,20
4412,7,8,4,-40,0,20
4413,7,8,4,-35,0,20
4414,7,8,4,-30,0,20
4415,7,8,4,-25,0,20
4416,7,8,4,-20,0,20
4417,7,8,4,-15,0,20
4418,7,8,4,-14,0,20
4419,7,8,4,-13,0,20
4420,7,8,4,-12,0,20
4421,7,8,4,-11,0,20
4422,7,8,4,-10,0,20
4423,7,8,4,-9,0,20
4424,7,8,4,-8,0,20
4425,7,8,4,-7,0,20
4426,7,8,4,-6,0,20
4427,7,8,4,-5,0,20
4428,7,8,4,-4,0,20
4429,7,8,4,-3,0,20
4430,7,8,4,-2,0,20
4431,7,8,4,-1,0,20
4432,7,8,4,0,0,20
4433,7,8,4,1,0,20
4434,7,8,4,2,0,20
4435,7,8,4,3,0,20
4436,7,8,4,4,0,20
4437,7,8,4,5,0,20
4438,7,8,4,6,0,20
4439,7,8,4,7,0,20
4440,7,8,4,8,0,20
4441,7,8,4,9,0,20
4442,7,8,4,10,0,20
4443,7,8,4,11,0,20
4444,7,8,4,12,0,20
4445,7,8,4,13,0,20
4446,7,8,4,14,0,20
4447,7,8,4,15,0,20
4448,7,8,4,20,0,20
4449,7,8,4,25,0,20
4450,7,8,4,30,0,20
4451,7,8,4,35,0,20
4452,7,8,4,40,0,20
4453,7,8,4,45,0,20
4454,7,8,4,50,0,20
4455,8,8,4,-50,0,20
4456,8,8,4,-45,0,20
4457,8,8,4,-40,0,20
4458,8,8,4,-35,0,20
4459,8,8,4,-30,0,20
4460,8,8,4,-25,0,20
4461,8,8,4,-20,0,20
4462,8,8,4,-15,0,20
4463,8,8,4,-14,0,20
4464,8,8,4,-13,0,20
4465,8,8,4,-12,0,20
4466,8,8,4,-11,0,20
4467,8,8,4,-10,0,20
4468,8,8,4,-9,0,20
4469,8,8,4,-8,0,20
4470,8,8,4,-7,0,20
4471,8,8,4,-6,0,20
4472,8,8,4,-5,0,20
4473,8,8,4,-4,0,20
4474,8,8,4,-3,0,20
4475,8,8,4,-2,0,20
4476,8,8,4,-1,0,20
4477,8,8,4,0,0,20
4478,8,8,4,1,0,20
4479,8,8,4,2,0,20
4480,8,8,4,3,0,20
4481,8,8,4,4,0,20
4482,8,8,4,5,0,20
4483,8,8,4,6,0,20
4484,8,8,4,7,0,20
4485,8,8,4,8,0,20
4486,8,8,4,9,0,20
4487,8,8,4,10,0,20
4488,8,8,4,11,0,20
4489,8,8,4,12,0,20
4490,8,8,4,13,0,20
4491,8,8,4,14,0,20
4492,8,8,4,15,0,20
4493,8,8,4,20,0,20
4494,8,8,4,25,0,20
4495,8,8,4,30,0,20
4496,8,8,4,35,0,20
4497,8,8,4,40,0,20
4498,8,8,4,45,0,20
4499,8,8,4,50,0,20
