Measurement Number, Transmitter, TX Power, Mode, RSSI
0, 0, -8, 0, -80
1, 0, -8, 0, -80
2, 0, -8, 0, -80
3, 0, -8, 0, -81
4, 0, -8, 0, -80
5, 0, -8, 0, -81
6, 0, -8, 0, -81
7, 0, -8, 0, -81
8, 0, -8, 0, -81
9, 0, -8, 0, -81
10, 0, -8, 0, -80
11, 0, -8, 0, -81
12, 0, -8, 0, -80
13, 0, -8, 0, -81
14, 0, -8, 0, -80
15, 0, -8, 0, -81
16, 0, -8, 0, -80
17, 0, -8, 0, -81
18, 0, -8, 0, -81
19, 0, -8, 0, -80
20, 1, -8, 0, -78
21, 1, -8, 0, -78
22, 1, -8, 0, -78
23, 1, -8, 0, -78
24, 1, -8, 0, -78
25, 1, -8, 0, -77
26, 1, -8, 0, -78
27, 1, -8, 0, -78
28, 1, -8, 0, -78
29, 1, -8, 0, -78
30, 1, -8, 0, -77
31, 1, -8, 0, -78
32, 1, -8, 0, -77
33, 1, -8, 0, -78
34, 1, -8, 0, -78
35, 1, -8, 0, -78
36, 1, -8, 0, -78
37, 1, -8, 0, -77
38, 1, -8, 0, -78
39, 1, -8, 0, -78
40, 0, -4, 0, -78
41, 0, -4, 0, -77
42, 0, -4, 0, -77
43, 0, -4, 0, -78
44, 0, -4, 0, -77
45, 0, -4, 0, -78
46, 0, -4, 0, -77
47, 0, -4, 0, -78
48, 0, -4, 0, -77
49, 0, -4, 0, -77
50, 0, -4, 0, -77
51, 0, -4, 0, -78
52, 0, -4, 0, -77
53, 0, -4, 0, -78
54, 0, -4, 0, -77
55, 0, -4, 0, -77
56, 0, -4, 0, -78
57, 0, -4, 0, -77
58, 0, -4, 0, -77
59, 0, -4, 0, -77
60, 1, -4, 0, -74
61, 1, -4, 0, -74
62, 1, -4, 0, -74
63, 1, -4, 0, -75
64, 1, -4, 0, -74
65, 1, -4, 0, -74
66, 1, -4, 0, -74
67, 1, -4, 0, -74
68, 1, -4, 0, -74
69, 1, -4, 0, -74
70, 1, -4, 0, -74
71, 1, -4, 0, -75
72, 1, -4, 0, -75
73, 1, -4, 0, -74
74, 1, -4, 0, -74
75, 1, -4, 0, -74
76, 1, -4, 0, -74
77, 1, -4, 0, -74
78, 1, -4, 0, -74
79, 1, -4, 0, -74
80, 0, 0, 0, -73
81, 0, 0, 0, -73
82, 0, 0, 0, -73
83, 0, 0, 0, -74
84, 0, 0, 0, -73
85, 0, 0, 0, -74
86, 0, 0, 0, -73
87, 0, 0, 0, -73
88, 0, 0, 0, -73
89, 0, 0, 0, -73
90, 0, 0, 0, -73
91, 0, 0, 0, -73
92, 0, 0, 0, -73
93, 0, 0, 0, -73
94, 0, 0, 0, -73
95, 0, 0, 0, -73
96, 0, 0, 0, -73
97, 0, 0, 0, -73
98, 0, 0, 0, -73
99, 0, 0, 0, -73
100, 1, 0, 0, -70
101, 1, 0, 0, -70
102, 1, 0, 0, -70
103, 1, 0, 0, -70
104, 1, 0, 0, -70
105, 1, 0, 0, -70
106, 1, 0, 0, -70
107, 1, 0, 0, -70
108, 1, 0, 0, -70
109, 1, 0, 0, -70
110, 1, 0, 0, -70
111, 1, 0, 0, -70
112, 1, 0, 0, -70
113, 1, 0, 0, -70
114, 1, 0, 0, -70
115, 1, 0, 0, -70
116, 1, 0, 0, -70
117, 1, 0, 0, -70
118, 1, 0, 0, -70
119, 1, 0, 0, -70
120, 0, 2, 0, -68
121, 0, 2, 0, -68
122, 0, 2, 0, -68
123, 0, 2, 0, -68
124, 0, 2, 0, -68
125, 0, 2, 0, -68
126, 0, 2, 0, -68
127, 0, 2, 0, -68
128, 0, 2, 0, -68
129, 0, 2, 0, -68
130, 0, 2, 0, -68
131, 0, 2, 0, -68
132, 0, 2, 0, -68
133, 0, 2, 0, -68
134, 0, 2, 0, -68
135, 0, 2, 0, -67
136, 0, 2, 0, -68
137, 0, 2, 0, -68
138, 0, 2, 0, -68
139, 0, 2, 0, -68
140, 1, 2, 0, -65
141, 1, 2, 0, -65
142, 1, 2, 0, -65
143, 1, 2, 0, -65
144, 1, 2, 0, -65
145, 1, 2, 0, -65
146, 1, 2, 0, -65
147, 1, 2, 0, -65
148, 1, 2, 0, -65
149, 1, 2, 0, -65
150, 1, 2, 0, -65
151, 1, 2, 0, -65
152, 1, 2, 0, -65
153, 1, 2, 0, -65
154, 1, 2, 0, -65
155, 1, 2, 0, -65
156, 1, 2, 0, -65
157, 1, 2, 0, -65
158, 1, 2, 0, -65
159, 1, 2, 0, -65
160, 0, 3, 0, -67
161, 0, 3, 0, -67
162, 0, 3, 0, -67
163, 0, 3, 0, -67
164, 0, 3, 0, -67
165, 0, 3, 0, -67
166, 0, 3, 0, -67
167, 0, 3, 0, -67
168, 0, 3, 0, -67
169, 0, 3, 0, -67
170, 0, 3, 0, -67
171, 0, 3, 0, -67
172, 0, 3, 0, -67
173, 0, 3, 0, -67
174, 0, 3, 0, -67
175, 0, 3, 0, -67
176, 0, 3, 0, -67
177, 0, 3, 0, -67
178, 0, 3, 0, -68
179, 0, 3, 0, -67
180, 1, 3, 0, -64
181, 1, 3, 0, -64
182, 1, 3, 0, -64
183, 1, 3, 0, -64
184, 1, 3, 0, -64
185, 1, 3, 0, -64
186, 1, 3, 0, -64
187, 1, 3, 0, -64
188, 1, 3, 0, -64
189, 1, 3, 0, -64
190, 1, 3, 0, -64
191, 1, 3, 0, -64
192, 1, 3, 0, -64
193, 1, 3, 0, -64
194, 1, 3, 0, -64
195, 1, 3, 0, -64
196, 1, 3, 0, -64
197, 1, 3, 0, -64
198, 1, 3, 0, -64
199, 1, 3, 0, -64
200, 0, 4, 0, -67
201, 0, 4, 0, -66
202, 0, 4, 0, -67
203, 0, 4, 0, -66
204, 0, 4, 0, -66
205, 0, 4, 0, -66
206, 0, 4, 0, -66
207, 0, 4, 0, -67
208, 0, 4, 0, -66
209, 0, 4, 0, -66
210, 0, 4, 0, -66
211, 0, 4, 0, -66
212, 0, 4, 0, -66
213, 0, 4, 0, -66
214, 0, 4, 0, -67
215, 0, 4, 0, -68
216, 0, 4, 0, -66
217, 0, 4, 0, -67
218, 0, 4, 0, -66
219, 0, 4, 0, -67
220, 1, 4, 0, -63
221, 1, 4, 0, -63
222, 1, 4, 0, -63
223, 1, 4, 0, -63
224, 1, 4, 0, -63
225, 1, 4, 0, -63
226, 1, 4, 0, -63
227, 1, 4, 0, -63
228, 1, 4, 0, -63
229, 1, 4, 0, -63
230, 1, 4, 0, -64
231, 1, 4, 0, -63
232, 1, 4, 0, -63
233, 1, 4, 0, -63
234, 1, 4, 0, -63
235, 1, 4, 0, -63
236, 1, 4, 0, -63
237, 1, 4, 0, -63
238, 1, 4, 0, -63
239, 1, 4, 0, -63
240, 0, 5, 0, -66
241, 0, 5, 0, -66
242, 0, 5, 0, -66
243, 0, 5, 0, -66
244, 0, 5, 0, -66
245, 0, 5, 0, -66
246, 0, 5, 0, -66
247, 0, 5, 0, -66
248, 0, 5, 0, -66
249, 0, 5, 0, -66
250, 0, 5, 0, -66
251, 0, 5, 0, -66
252, 0, 5, 0, -66
253, 0, 5, 0, -66
254, 0, 5, 0, -66
255, 0, 5, 0, -66
256, 0, 5, 0, -66
257, 0, 5, 0, -66
258, 0, 5, 0, -66
259, 0, 5, 0, -66
260, 1, 5, 0, -62
261, 1, 5, 0, -63
262, 1, 5, 0, -62
263, 1, 5, 0, -63
264, 1, 5, 0, -63
265, 1, 5, 0, -63
266, 1, 5, 0, -62
267, 1, 5, 0, -62
268, 1, 5, 0, -63
269, 1, 5, 0, -62
270, 1, 5, 0, -62
271, 1, 5, 0, -62
272, 1, 5, 0, -63
273, 1, 5, 0, -62
274, 1, 5, 0, -62
275, 1, 5, 0, -62
276, 1, 5, 0, -62
277, 1, 5, 0, -64
278, 1, 5, 0, -62
279, 1, 5, 0, -62
280, 0, 6, 0, -65
281, 0, 6, 0, -65
282, 0, 6, 0, -65
283, 0, 6, 0, -65
284, 0, 6, 0, -65
285, 0, 6, 0, -65
286, 0, 6, 0, -65
287, 0, 6, 0, -65
288, 0, 6, 0, -65
289, 0, 6, 0, -65
290, 0, 6, 0, -65
291, 0, 6, 0, -65
292, 0, 6, 0, -65
293, 0, 6, 0, -65
294, 0, 6, 0, -65
295, 0, 6, 0, -65
296, 0, 6, 0, -65
297, 0, 6, 0, -65
298, 0, 6, 0, -65
299, 0, 6, 0, -65
300, 1, 6, 0, -62
301, 1, 6, 0, -62
302, 1, 6, 0, -62
303, 1, 6, 0, -62
304, 1, 6, 0, -62
305, 1, 6, 0, -62
306, 1, 6, 0, -62
307, 1, 6, 0, -62
308, 1, 6, 0, -62
309, 1, 6, 0, -62
310, 1, 6, 0, -62
311, 1, 6, 0, -62
312, 1, 6, 0, -62
313, 1, 6, 0, -62
314, 1, 6, 0, -62
315, 1, 6, 0, -62
316, 1, 6, 0, -62
317, 1, 6, 0, -62
318, 1, 6, 0, -62
319, 1, 6, 0, -62
320, 0, 7, 0, -64
321, 0, 7, 0, -64
322, 0, 7, 0, -64
323, 0, 7, 0, -65
324, 0, 7, 0, -64
325, 0, 7, 0, -64
326, 0, 7, 0, -64
327, 0, 7, 0, -64
328, 0, 7, 0, -64
329, 0, 7, 0, -64
330, 0, 7, 0, -64
331, 0, 7, 0, -64
332, 0, 7, 0, -64
333, 0, 7, 0, -64
334, 0, 7, 0, -64
335, 0, 7, 0, -64
336, 0, 7, 0, -64
337, 0, 7, 0, -64
338, 0, 7, 0, -64
339, 0, 7, 0, -64
340, 1, 7, 0, -61
341, 1, 7, 0, -61
342, 1, 7, 0, -61
343, 1, 7, 0, -61
344, 1, 7, 0, -61
345, 1, 7, 0, -61
346, 1, 7, 0, -61
347, 1, 7, 0, -61
348, 1, 7, 0, -61
349, 1, 7, 0, -61
350, 1, 7, 0, -61
351, 1, 7, 0, -61
352, 1, 7, 0, -61
353, 1, 7, 0, -61
354, 1, 7, 0, -61
355, 1, 7, 0, -61
356, 1, 7, 0, -61
357, 1, 7, 0, -61
358, 1, 7, 0, -61
359, 1, 7, 0, -61
360, 0, 8, 0, -64
361, 0, 8, 0, -64
362, 0, 8, 0, -64
363, 0, 8, 0, -64
364, 0, 8, 0, -64
365, 0, 8, 0, -64
366, 0, 8, 0, -64
367, 0, 8, 0, -64
368, 0, 8, 0, -64
369, 0, 8, 0, -64
370, 0, 8, 0, -64
371, 0, 8, 0, -64
372, 0, 8, 0, -64
373, 0, 8, 0, -64
374, 0, 8, 0, -64
375, 0, 8, 0, -64
376, 0, 8, 0, -64
377, 0, 8, 0, -64
378, 0, 8, 0, -64
379, 0, 8, 0, -64
380, 1, 8, 0, -61
381, 1, 8, 0, -62
382, 1, 8, 0, -62
383, 1, 8, 0, -61
384, 1, 8, 0, -62
385, 1, 8, 0, -61
386, 1, 8, 0, -61
387, 1, 8, 0, -61
388, 1, 8, 0, -61
389, 1, 8, 0, -61
390, 1, 8, 0, -61
391, 1, 8, 0, -61
392, 1, 8, 0, -62
393, 1, 8, 0, -61
394, 1, 8, 0, -61
395, 1, 8, 0, -61
396, 1, 8, 0, -61
397, 1, 8, 0, -61
398, 1, 8, 0, -62
399, 1, 8, 0, -61
400, 0, -8, 1, -80
401, 0, -8, 1, -80
402, 0, -8, 1, -80
403, 0, -8, 1, -80
404, 0, -8, 1, -80
405, 0, -8, 1, -81
406, 0, -8, 1, -80
407, 0, -8, 1, -80
408, 0, -8, 1, -80
409, 0, -8, 1, -80
410, 0, -8, 1, -80
411, 0, -8, 1, -80
412, 0, -8, 1, -80
413, 0, -8, 1, -80
414, 0, -8, 1, -80
415, 0, -8, 1, -80
416, 0, -8, 1, -80
417, 0, -8, 1, -80
418, 0, -8, 1, -80
419, 0, -8, 1, -80
420, 1, -8, 1, -72
421, 1, -8, 1, -72
422, 1, -8, 1, -72
423, 1, -8, 1, -72
424, 1, -8, 1, -72
425, 1, -8, 1, -72
426, 1, -8, 1, -72
427, 1, -8, 1, -72
428, 1, -8, 1, -72
429, 1, -8, 1, -72
430, 1, -8, 1, -72
431, 1, -8, 1, -72
432, 1, -8, 1, -72
433, 1, -8, 1, -72
434, 1, -8, 1, -72
435, 1, -8, 1, -72
436, 1, -8, 1, -72
437, 1, -8, 1, -72
438, 1, -8, 1, -72
439, 1, -8, 1, -72
440, 0, -4, 1, -77
441, 0, -4, 1, -77
442, 0, -4, 1, -77
443, 0, -4, 1, -77
444, 0, -4, 1, -77
445, 0, -4, 1, -77
446, 0, -4, 1, -77
447, 0, -4, 1, -77
448, 0, -4, 1, -77
449, 0, -4, 1, -77
450, 0, -4, 1, -77
451, 0, -4, 1, -77
452, 0, -4, 1, -77
453, 0, -4, 1, -77
454, 0, -4, 1, -77
455, 0, -4, 1, -77
456, 0, -4, 1, -77
457, 0, -4, 1, -77
458, 0, -4, 1, -77
459, 0, -4, 1, -77
460, 1, -4, 1, -69
461, 1, -4, 1, -69
462, 1, -4, 1, -69
463, 1, -4, 1, -69
464, 1, -4, 1, -69
465, 1, -4, 1, -69
466, 1, -4, 1, -69
467, 1, -4, 1, -69
468, 1, -4, 1, -69
469, 1, -4, 1, -69
470, 1, -4, 1, -69
471, 1, -4, 1, -69
472, 1, -4, 1, -69
473, 1, -4, 1, -69
474, 1, -4, 1, -69
475, 1, -4, 1, -69
476, 1, -4, 1, -69
477, 1, -4, 1, -69
478, 1, -4, 1, -69
479, 1, -4, 1, -69
480, 0, 0, 1, -73
481, 0, 0, 1, -74
482, 0, 0, 1, -73
483, 0, 0, 1, -74
484, 0, 0, 1, -74
485, 0, 0, 1, -74
486, 0, 0, 1, -74
487, 0, 0, 1, -73
488, 0, 0, 1, -74
489, 0, 0, 1, -73
490, 0, 0, 1, -73
491, 0, 0, 1, -74
492, 0, 0, 1, -73
493, 0, 0, 1, -73
494, 0, 0, 1, -73
495, 0, 0, 1, -74
496, 0, 0, 1, -74
497, 0, 0, 1, -74
498, 0, 0, 1, -74
499, 0, 0, 1, -73
500, 1, 0, 1, -65
501, 1, 0, 1, -65
502, 1, 0, 1, -65
503, 1, 0, 1, -65
504, 1, 0, 1, -65
505, 1, 0, 1, -65
506, 1, 0, 1, -65
507, 1, 0, 1, -65
508, 1, 0, 1, -65
509, 1, 0, 1, -65
510, 1, 0, 1, -65
511, 1, 0, 1, -65
512, 1, 0, 1, -65
513, 1, 0, 1, -65
514, 1, 0, 1, -65
515, 1, 0, 1, -65
516, 1, 0, 1, -65
517, 1, 0, 1, -65
518, 1, 0, 1, -65
519, 1, 0, 1, -65
520, 0, 2, 1, -70
521, 0, 2, 1, -70
522, 0, 2, 1, -70
523, 0, 2, 1, -70
524, 0, 2, 1, -70
525, 0, 2, 1, -70
526, 0, 2, 1, -70
527, 0, 2, 1, -70
528, 0, 2, 1, -70
529, 0, 2, 1, -70
530, 0, 2, 1, -70
531, 0, 2, 1, -70
532, 0, 2, 1, -70
533, 0, 2, 1, -70
534, 0, 2, 1, -70
535, 0, 2, 1, -70
536, 0, 2, 1, -70
537, 0, 2, 1, -70
538, 0, 2, 1, -70
539, 0, 2, 1, -70
540, 1, 2, 1, -61
541, 1, 2, 1, -63
542, 1, 2, 1, -63
543, 1, 2, 1, -62
544, 1, 2, 1, -63
545, 1, 2, 1, -63
546, 1, 2, 1, -63
547, 1, 2, 1, -63
548, 1, 2, 1, -62
549, 1, 2, 1, -65
550, 1, 2, 1, -61
551, 1, 2, 1, -61
552, 1, 2, 1, -63
553, 1, 2, 1, -60
554, 1, 2, 1, -63
555, 1, 2, 1, -62
556, 1, 2, 1, -62
557, 1, 2, 1, -61
558, 1, 2, 1, -63
559, 1, 2, 1, -60
560, 0, 3, 1, -68
561, 0, 3, 1, -69
562, 0, 3, 1, -69
563, 0, 3, 1, -68
564, 0, 3, 1, -68
565, 0, 3, 1, -68
566, 0, 3, 1, -69
567, 0, 3, 1, -69
568, 0, 3, 1, -68
569, 0, 3, 1, -69
570, 0, 3, 1, -69
571, 0, 3, 1, -69
572, 0, 3, 1, -68
573, 0, 3, 1, -69
574, 0, 3, 1, -68
575, 0, 3, 1, -69
576, 0, 3, 1, -69
577, 0, 3, 1, -69
578, 0, 3, 1, -69
579, 0, 3, 1, -68
580, 1, 3, 1, -61
581, 1, 3, 1, -61
582, 1, 3, 1, -61
583, 1, 3, 1, -61
584, 1, 3, 1, -61
585, 1, 3, 1, -61
586, 1, 3, 1, -61
587, 1, 3, 1, -61
588, 1, 3, 1, -60
589, 1, 3, 1, -61
590, 1, 3, 1, -61
591, 1, 3, 1, -60
592, 1, 3, 1, -61
593, 1, 3, 1, -61
594, 1, 3, 1, -61
595, 1, 3, 1, -61
596, 1, 3, 1, -61
597, 1, 3, 1, -61
598, 1, 3, 1, -60
599, 1, 3, 1, -61
600, 0, 4, 1, -68
601, 0, 4, 1, -68
602, 0, 4, 1, -68
603, 0, 4, 1, -68
604, 0, 4, 1, -68
605, 0, 4, 1, -68
606, 0, 4, 1, -68
607, 0, 4, 1, -68
608, 0, 4, 1, -68
609, 0, 4, 1, -68
610, 0, 4, 1, -68
611, 0, 4, 1, -68
612, 0, 4, 1, -68
613, 0, 4, 1, -68
614, 0, 4, 1, -68
615, 0, 4, 1, -68
616, 0, 4, 1, -68
617, 0, 4, 1, -68
618, 0, 4, 1, -68
619, 0, 4, 1, -68
620, 1, 4, 1, -60
621, 1, 4, 1, -60
622, 1, 4, 1, -60
623, 1, 4, 1, -60
624, 1, 4, 1, -60
625, 1, 4, 1, -60
626, 1, 4, 1, -60
627, 1, 4, 1, -60
628, 1, 4, 1, -60
629, 1, 4, 1, -60
630, 1, 4, 1, -60
631, 1, 4, 1, -60
632, 1, 4, 1, -60
633, 1, 4, 1, -60
634, 1, 4, 1, -60
635, 1, 4, 1, -60
636, 1, 4, 1, -60
637, 1, 4, 1, -60
638, 1, 4, 1, -60
639, 1, 4, 1, -60
640, 0, 5, 1, -67
641, 0, 5, 1, -66
642, 0, 5, 1, -67
643, 0, 5, 1, -67
644, 0, 5, 1, -67
645, 0, 5, 1, -67
646, 0, 5, 1, -67
647, 0, 5, 1, -67
648, 0, 5, 1, -67
649, 0, 5, 1, -67
650, 0, 5, 1, -67
651, 0, 5, 1, -67
652, 0, 5, 1, -67
653, 0, 5, 1, -67
654, 0, 5, 1, -67
655, 0, 5, 1, -67
656, 0, 5, 1, -67
657, 0, 5, 1, -67
658, 0, 5, 1, -67
659, 0, 5, 1, -67
660, 1, 5, 1, -59
661, 1, 5, 1, -59
662, 1, 5, 1, -59
663, 1, 5, 1, -59
664, 1, 5, 1, -61
665, 1, 5, 1, -59
666, 1, 5, 1, -59
667, 1, 5, 1, -60
668, 1, 5, 1, -59
669, 1, 5, 1, -59
670, 1, 5, 1, -59
671, 1, 5, 1, -59
672, 1, 5, 1, -59
673, 1, 5, 1, -59
674, 1, 5, 1, -59
675, 1, 5, 1, -59
676, 1, 5, 1, -59
677, 1, 5, 1, -59
678, 1, 5, 1, -59
679, 1, 5, 1, -59
680, 0, 6, 1, -66
681, 0, 6, 1, -66
682, 0, 6, 1, -66
683, 0, 6, 1, -68
684, 0, 6, 1, -66
685, 0, 6, 1, -66
686, 0, 6, 1, -66
687, 0, 6, 1, -66
688, 0, 6, 1, -66
689, 0, 6, 1, -66
690, 0, 6, 1, -68
691, 0, 6, 1, -66
692, 0, 6, 1, -69
693, 0, 6, 1, -66
694, 0, 6, 1, -66
695, 0, 6, 1, -66
696, 0, 6, 1, -66
697, 0, 6, 1, -66
698, 0, 6, 1, -66
699, 0, 6, 1, -69
700, 1, 6, 1, -58
701, 1, 6, 1, -58
702, 1, 6, 1, -58
703, 1, 6, 1, -58
704, 1, 6, 1, -58
705, 1, 6, 1, -58
706, 1, 6, 1, -58
707, 1, 6, 1, -58
708, 1, 6, 1, -58
709, 1, 6, 1, -58
710, 1, 6, 1, -58
711, 1, 6, 1, -58
712, 1, 6, 1, -58
713, 1, 6, 1, -58
714, 1, 6, 1, -58
715, 1, 6, 1, -58
716, 1, 6, 1, -58
717, 1, 6, 1, -58
718, 1, 6, 1, -58
719, 1, 6, 1, -58
720, 0, 7, 1, -66
721, 0, 7, 1, -66
722, 0, 7, 1, -66
723, 0, 7, 1, -66
724, 0, 7, 1, -66
725, 0, 7, 1, -66
726, 0, 7, 1, -66
727, 0, 7, 1, -66
728, 0, 7, 1, -66
729, 0, 7, 1, -65
730, 0, 7, 1, -66
731, 0, 7, 1, -66
732, 0, 7, 1, -65
733, 0, 7, 1, -66
734, 0, 7, 1, -65
735, 0, 7, 1, -66
736, 0, 7, 1, -66
737, 0, 7, 1, -66
738, 0, 7, 1, -66
739, 0, 7, 1, -66
740, 1, 7, 1, -57
741, 1, 7, 1, -57
742, 1, 7, 1, -57
743, 1, 7, 1, -57
744, 1, 7, 1, -57
745, 1, 7, 1, -58
746, 1, 7, 1, -57
747, 1, 7, 1, -57
748, 1, 7, 1, -57
749, 1, 7, 1, -57
750, 1, 7, 1, -57
751, 1, 7, 1, -57
752, 1, 7, 1, -57
753, 1, 7, 1, -57
754, 1, 7, 1, -57
755, 1, 7, 1, -57
756, 1, 7, 1, -57
757, 1, 7, 1, -57
758, 1, 7, 1, -57
759, 1, 7, 1, -57
760, 0, 8, 1, -65
761, 0, 8, 1, -65
762, 0, 8, 1, -65
763, 0, 8, 1, -65
764, 0, 8, 1, -65
765, 0, 8, 1, -65
766, 0, 8, 1, -65
767, 0, 8, 1, -65
768, 0, 8, 1, -65
769, 0, 8, 1, -65
770, 0, 8, 1, -65
771, 0, 8, 1, -65
772, 0, 8, 1, -65
773, 0, 8, 1, -65
774, 0, 8, 1, -65
775, 0, 8, 1, -65
776, 0, 8, 1, -65
777, 0, 8, 1, -65
778, 0, 8, 1, -65
779, 0, 8, 1, -65
780, 1, 8, 1, -57
781, 1, 8, 1, -57
782, 1, 8, 1, -57
783, 1, 8, 1, -57
784, 1, 8, 1, -57
785, 1, 8, 1, -57
786, 1, 8, 1, -57
787, 1, 8, 1, -57
788, 1, 8, 1, -57
789, 1, 8, 1, -59
790, 1, 8, 1, -57
791, 1, 8, 1, -57
792, 1, 8, 1, -57
793, 1, 8, 1, -57
794, 1, 8, 1, -57
795, 1, 8, 1, -57
796, 1, 8, 1, -57
797, 1, 8, 1, -57
798, 1, 8, 1, -57
799, 1, 8, 1, -57
800, 0, -8, 2, -81
801, 0, -8, 2, -81
802, 0, -8, 2, -81
803, 0, -8, 2, -81
804, 0, -8, 2, -81
805, 0, -8, 2, -81
806, 0, -8, 2, -81
807, 0, -8, 2, -81
808, 0, -8, 2, -81
809, 0, -8, 2, -81
810, 0, -8, 2, -81
811, 0, -8, 2, -80
812, 0, -8, 2, -80
813, 0, -8, 2, -81
814, 0, -8, 2, -81
815, 0, -8, 2, -81
816, 0, -8, 2, -81
817, 0, -8, 2, -81
818, 0, -8, 2, -81
819, 0, -8, 2, -80
820, 1, -8, 2, -72
821, 1, -8, 2, -73
822, 1, -8, 2, -72
823, 1, -8, 2, -72
824, 1, -8, 2, -72
825, 1, -8, 2, -72
826, 1, -8, 2, -72
827, 1, -8, 2, -72
828, 1, -8, 2, -72
829, 1, -8, 2, -72
830, 1, -8, 2, -72
831, 1, -8, 2, -72
832, 1, -8, 2, -72
833, 1, -8, 2, -72
834, 1, -8, 2, -72
835, 1, -8, 2, -72
836, 1, -8, 2, -72
837, 1, -8, 2, -72
838, 1, -8, 2, -72
839, 1, -8, 2, -73
840, 0, -4, 2, -78
841, 0, -4, 2, -78
842, 0, -4, 2, -78
843, 0, -4, 2, -78
844, 0, -4, 2, -78
845, 0, -4, 2, -78
846, 0, -4, 2, -78
847, 0, -4, 2, -78
848, 0, -4, 2, -78
849, 0, -4, 2, -78
850, 0, -4, 2, -78
851, 0, -4, 2, -78
852, 0, -4, 2, -78
853, 0, -4, 2, -78
854, 0, -4, 2, -78
855, 0, -4, 2, -78
856, 0, -4, 2, -78
857, 0, -4, 2, -78
858, 0, -4, 2, -77
859, 0, -4, 2, -78
860, 1, -4, 2, -69
861, 1, -4, 2, -69
862, 1, -4, 2, -69
863, 1, -4, 2, -70
864, 1, -4, 2, -69
865, 1, -4, 2, -69
866, 1, -4, 2, -69
867, 1, -4, 2, -69
868, 1, -4, 2, -69
869, 1, -4, 2, -69
870, 1, -4, 2, -69
871, 1, -4, 2, -69
872, 1, -4, 2, -69
873, 1, -4, 2, -69
874, 1, -4, 2, -69
875, 1, -4, 2, -69
876, 1, -4, 2, -69
877, 1, -4, 2, -69
878, 1, -4, 2, -69
879, 1, -4, 2, -69
880, 0, 0, 2, -74
881, 0, 0, 2, -74
882, 0, 0, 2, -74
883, 0, 0, 2, -74
884, 0, 0, 2, -74
885, 0, 0, 2, -74
886, 0, 0, 2, -74
887, 0, 0, 2, -74
888, 0, 0, 2, -74
889, 0, 0, 2, -74
890, 0, 0, 2, -74
891, 0, 0, 2, -74
892, 0, 0, 2, -74
893, 0, 0, 2, -74
894, 0, 0, 2, -74
895, 0, 0, 2, -74
896, 0, 0, 2, -74
897, 0, 0, 2, -74
898, 0, 0, 2, -74
899, 0, 0, 2, -74
900, 1, 0, 2, -66
901, 1, 0, 2, -66
902, 1, 0, 2, -66
903, 1, 0, 2, -66
904, 1, 0, 2, -66
905, 1, 0, 2, -66
906, 1, 0, 2, -66
907, 1, 0, 2, -66
908, 1, 0, 2, -66
909, 1, 0, 2, -66
910, 1, 0, 2, -66
911, 1, 0, 2, -66
912, 1, 0, 2, -66
913, 1, 0, 2, -66
914, 1, 0, 2, -66
915, 1, 0, 2, -66
916, 1, 0, 2, -66
917, 1, 0, 2, -66
918, 1, 0, 2, -66
919, 1, 0, 2, -66
920, 0, 2, 2, -70
921, 0, 2, 2, -71
922, 0, 2, 2, -70
923, 0, 2, 2, -70
924, 0, 2, 2, -70
925, 0, 2, 2, -70
926, 0, 2, 2, -70
927, 0, 2, 2, -70
928, 0, 2, 2, -70
929, 0, 2, 2, -70
930, 0, 2, 2, -70
931, 0, 2, 2, -70
932, 0, 2, 2, -71
933, 0, 2, 2, -70
934, 0, 2, 2, -71
935, 0, 2, 2, -70
936, 0, 2, 2, -70
937, 0, 2, 2, -70
938, 0, 2, 2, -70
939, 0, 2, 2, -70
940, 1, 2, 2, -62
941, 1, 2, 2, -62
942, 1, 2, 2, -62
943, 1, 2, 2, -62
944, 1, 2, 2, -62
945, 1, 2, 2, -62
946, 1, 2, 2, -62
947, 1, 2, 2, -62
948, 1, 2, 2, -62
949, 1, 2, 2, -62
950, 1, 2, 2, -62
951, 1, 2, 2, -62
952, 1, 2, 2, -62
953, 1, 2, 2, -62
954, 1, 2, 2, -62
955, 1, 2, 2, -62
956, 1, 2, 2, -62
957, 1, 2, 2, -62
958, 1, 2, 2, -62
959, 1, 2, 2, -62
960, 0, 3, 2, -69
961, 0, 3, 2, -69
962, 0, 3, 2, -69
963, 0, 3, 2, -69
964, 0, 3, 2, -69
965, 0, 3, 2, -69
966, 0, 3, 2, -69
967, 0, 3, 2, -69
968, 0, 3, 2, -69
969, 0, 3, 2, -69
970, 0, 3, 2, -69
971, 0, 3, 2, -69
972, 0, 3, 2, -69
973, 0, 3, 2, -69
974, 0, 3, 2, -69
975, 0, 3, 2, -69
976, 0, 3, 2, -69
977, 0, 3, 2, -69
978, 0, 3, 2, -69
979, 0, 3, 2, -69
980, 1, 3, 2, -61
981, 1, 3, 2, -59
982, 1, 3, 2, -61
983, 1, 3, 2, -61
984, 1, 3, 2, -61
985, 1, 3, 2, -61
986, 1, 3, 2, -61
987, 1, 3, 2, -61
988, 1, 3, 2, -61
989, 1, 3, 2, -61
990, 1, 3, 2, -61
991, 1, 3, 2, -61
992, 1, 3, 2, -63
993, 1, 3, 2, -61
994, 1, 3, 2, -61
995, 1, 3, 2, -61
996, 1, 3, 2, -61
997, 1, 3, 2, -61
998, 1, 3, 2, -61
999, 1, 3, 2, -61
1000, 0, 4, 2, -68
1001, 0, 4, 2, -68
1002, 0, 4, 2, -68
1003, 0, 4, 2, -68
1004, 0, 4, 2, -69
1005, 0, 4, 2, -66
1006, 0, 4, 2, -67
1007, 0, 4, 2, -66
1008, 0, 4, 2, -68
1009, 0, 4, 2, -68
1010, 0, 4, 2, -68
1011, 0, 4, 2, -68
1012, 0, 4, 2, -67
1013, 0, 4, 2, -68
1014, 0, 4, 2, -68
1015, 0, 4, 2, -68
1016, 0, 4, 2, -68
1017, 0, 4, 2, -68
1018, 0, 4, 2, -69
1019, 0, 4, 2, -69
1020, 1, 4, 2, -60
1021, 1, 4, 2, -60
1022, 1, 4, 2, -60
1023, 1, 4, 2, -61
1024, 1, 4, 2, -60
1025, 1, 4, 2, -60
1026, 1, 4, 2, -61
1027, 1, 4, 2, -60
1028, 1, 4, 2, -60
1029, 1, 4, 2, -60
1030, 1, 4, 2, -60
1031, 1, 4, 2, -60
1032, 1, 4, 2, -60
1033, 1, 4, 2, -60
1034, 1, 4, 2, -60
1035, 1, 4, 2, -60
1036, 1, 4, 2, -60
1037, 1, 4, 2, -60
1038, 1, 4, 2, -60
1039, 1, 4, 2, -60
1040, 0, 5, 2, -68
1041, 0, 5, 2, -68
1042, 0, 5, 2, -68
1043, 0, 5, 2, -68
1044, 0, 5, 2, -68
1045, 0, 5, 2, -68
1046, 0, 5, 2, -68
1047, 0, 5, 2, -68
1048, 0, 5, 2, -68
1049, 0, 5, 2, -68
1050, 0, 5, 2, -68
1051, 0, 5, 2, -68
1052, 0, 5, 2, -68
1053, 0, 5, 2, -68
1054, 0, 5, 2, -68
1055, 0, 5, 2, -68
1056, 0, 5, 2, -70
1057, 0, 5, 2, -68
1058, 0, 5, 2, -68
1059, 0, 5, 2, -68
1060, 1, 5, 2, -60
1061, 1, 5, 2, -60
1062, 1, 5, 2, -60
1063, 1, 5, 2, -60
1064, 1, 5, 2, -60
1065, 1, 5, 2, -60
1066, 1, 5, 2, -60
1067, 1, 5, 2, -60
1068, 1, 5, 2, -60
1069, 1, 5, 2, -60
1070, 1, 5, 2, -60
1071, 1, 5, 2, -60
1072, 1, 5, 2, -60
1073, 1, 5, 2, -60
1074, 1, 5, 2, -60
1075, 1, 5, 2, -60
1076, 1, 5, 2, -60
1077, 1, 5, 2, -60
1078, 1, 5, 2, -60
1079, 1, 5, 2, -60
1080, 0, 6, 2, -67
1081, 0, 6, 2, -67
1082, 0, 6, 2, -67
1083, 0, 6, 2, -67
1084, 0, 6, 2, -67
1085, 0, 6, 2, -67
1086, 0, 6, 2, -67
1087, 0, 6, 2, -67
1088, 0, 6, 2, -67
1089, 0, 6, 2, -67
1090, 0, 6, 2, -67
1091, 0, 6, 2, -67
1092, 0, 6, 2, -67
1093, 0, 6, 2, -67
1094, 0, 6, 2, -67
1095, 0, 6, 2, -67
1096, 0, 6, 2, -67
1097, 0, 6, 2, -67
1098, 0, 6, 2, -67
1099, 0, 6, 2, -67
1100, 1, 6, 2, -59
1101, 1, 6, 2, -59
1102, 1, 6, 2, -59
1103, 1, 6, 2, -61
1104, 1, 6, 2, -61
1105, 1, 6, 2, -59
1106, 1, 6, 2, -61
1107, 1, 6, 2, -59
1108, 1, 6, 2, -59
1109, 1, 6, 2, -61
1110, 1, 6, 2, -59
1111, 1, 6, 2, -59
1112, 1, 6, 2, -61
1113, 1, 6, 2, -59
1114, 1, 6, 2, -58
1115, 1, 6, 2, -61
1116, 1, 6, 2, -59
1117, 1, 6, 2, -59
1118, 1, 6, 2, -61
1119, 1, 6, 2, -58
1120, 0, 7, 2, -66
1121, 0, 7, 2, -66
1122, 0, 7, 2, -66
1123, 0, 7, 2, -66
1124, 0, 7, 2, -66
1125, 0, 7, 2, -66
1126, 0, 7, 2, -66
1127, 0, 7, 2, -66
1128, 0, 7, 2, -66
1129, 0, 7, 2, -66
1130, 0, 7, 2, -66
1131, 0, 7, 2, -66
1132, 0, 7, 2, -66
1133, 0, 7, 2, -66
1134, 0, 7, 2, -66
1135, 0, 7, 2, -66
1136, 0, 7, 2, -66
1137, 0, 7, 2, -66
1138, 0, 7, 2, -66
1139, 0, 7, 2, -66
1140, 1, 7, 2, -58
1141, 1, 7, 2, -58
1142, 1, 7, 2, -58
1143, 1, 7, 2, -58
1144, 1, 7, 2, -58
1145, 1, 7, 2, -58
1146, 1, 7, 2, -58
1147, 1, 7, 2, -58
1148, 1, 7, 2, -58
1149, 1, 7, 2, -58
1150, 1, 7, 2, -58
1151, 1, 7, 2, -58
1152, 1, 7, 2, -58
1153, 1, 7, 2, -58
1154, 1, 7, 2, -58
1155, 1, 7, 2, -58
1156, 1, 7, 2, -58
1157, 1, 7, 2, -58
1158, 1, 7, 2, -58
1159, 1, 7, 2, -58
1160, 0, 8, 2, -67
1161, 0, 8, 2, -66
1162, 0, 8, 2, -66
1163, 0, 8, 2, -66
1164, 0, 8, 2, -65
1165, 0, 8, 2, -66
1166, 0, 8, 2, -66
1167, 0, 8, 2, -66
1168, 0, 8, 2, -65
1169, 0, 8, 2, -66
1170, 0, 8, 2, -66
1171, 0, 8, 2, -65
1172, 0, 8, 2, -66
1173, 0, 8, 2, -65
1174, 0, 8, 2, -65
1175, 0, 8, 2, -66
1176, 0, 8, 2, -66
1177, 0, 8, 2, -65
1178, 0, 8, 2, -66
1179, 0, 8, 2, -66
1180, 1, 8, 2, -57
1181, 1, 8, 2, -57
1182, 1, 8, 2, -57
1183, 1, 8, 2, -57
1184, 1, 8, 2, -57
1185, 1, 8, 2, -57
1186, 1, 8, 2, -57
1187, 1, 8, 2, -57
1188, 1, 8, 2, -57
1189, 1, 8, 2, -57
1190, 1, 8, 2, -57
1191, 1, 8, 2, -57
1192, 1, 8, 2, -57
1193, 1, 8, 2, -57
1194, 1, 8, 2, -57
1195, 1, 8, 2, -57
1196, 1, 8, 2, -57
1197, 1, 8, 2, -57
1198, 1, 8, 2, -57
1199, 1, 8, 2, -57
1200, 0, -8, 3, -81
1201, 0, -8, 3, -80
1202, 0, -8, 3, -80
1203, 0, -8, 3, -80
1204, 0, -8, 3, -80
1205, 0, -8, 3, -80
1206, 0, -8, 3, -80
1207, 0, -8, 3, -80
1208, 0, -8, 3, -80
1209, 0, -8, 3, -80
1210, 0, -8, 3, -80
1211, 0, -8, 3, -80
1212, 0, -8, 3, -80
1213, 0, -8, 3, -80
1214, 0, -8, 3, -80
1215, 0, -8, 3, -81
1216, 0, -8, 3, -80
1217, 0, -8, 3, -80
1218, 0, -8, 3, -80
1219, 0, -8, 3, -80
1220, 1, -8, 3, -72
1221, 1, -8, 3, -71
1222, 1, -8, 3, -72
1223, 1, -8, 3, -72
1224, 1, -8, 3, -72
1225, 1, -8, 3, -72
1226, 1, -8, 3, -72
1227, 1, -8, 3, -72
1228, 1, -8, 3, -72
1229, 1, -8, 3, -71
1230, 1, -8, 3, -72
1231, 1, -8, 3, -72
1232, 1, -8, 3, -72
1233, 1, -8, 3, -72
1234, 1, -8, 3, -72
1235, 1, -8, 3, -72
1236, 1, -8, 3, -72
1237, 1, -8, 3, -72
1238, 1, -8, 3, -71
1239, 1, -8, 3, -72
1240, 0, -4, 3, -77
1241, 0, -4, 3, -77
1242, 0, -4, 3, -77
1243, 0, -4, 3, -77
1244, 0, -4, 3, -77
1245, 0, -4, 3, -77
1246, 0, -4, 3, -77
1247, 0, -4, 3, -77
1248, 0, -4, 3, -77
1249, 0, -4, 3, -77
1250, 0, -4, 3, -77
1251, 0, -4, 3, -77
1252, 0, -4, 3, -77
1253, 0, -4, 3, -77
1254, 0, -4, 3, -77
1255, 0, -4, 3, -77
1256, 0, -4, 3, -77
1257, 0, -4, 3, -77
1258, 0, -4, 3, -77
1259, 0, -4, 3, -77
1260, 1, -4, 3, -69
1261, 1, -4, 3, -69
1262, 1, -4, 3, -69
1263, 1, -4, 3, -69
1264, 1, -4, 3, -69
1265, 1, -4, 3, -69
1266, 1, -4, 3, -69
1267, 1, -4, 3, -69
1268, 1, -4, 3, -69
1269, 1, -4, 3, -69
1270, 1, -4, 3, -69
1271, 1, -4, 3, -69
1272, 1, -4, 3, -69
1273, 1, -4, 3, -69
1274, 1, -4, 3, -69
1275, 1, -4, 3, -69
1276, 1, -4, 3, -69
1277, 1, -4, 3, -68
1278, 1, -4, 3, -69
1279, 1, -4, 3, -69
1280, 0, 0, 3, -73
1281, 0, 0, 3, -73
1282, 0, 0, 3, -73
1283, 0, 0, 3, -73
1284, 0, 0, 3, -74
1285, 0, 0, 3, -74
1286, 0, 0, 3, -74
1287, 0, 0, 3, -74
1288, 0, 0, 3, -74
1289, 0, 0, 3, -74
1290, 0, 0, 3, -73
1291, 0, 0, 3, -74
1292, 0, 0, 3, -74
1293, 0, 0, 3, -73
1294, 0, 0, 3, -73
1295, 0, 0, 3, -74
1296, 0, 0, 3, -73
1297, 0, 0, 3, -74
1298, 0, 0, 3, -74
1299, 0, 0, 3, -73
1300, 1, 0, 3, -65
1301, 1, 0, 3, -65
1302, 1, 0, 3, -65
1303, 1, 0, 3, -65
1304, 1, 0, 3, -65
1305, 1, 0, 3, -65
1306, 1, 0, 3, -65
1307, 1, 0, 3, -65
1308, 1, 0, 3, -65
1309, 1, 0, 3, -65
1310, 1, 0, 3, -65
1311, 1, 0, 3, -65
1312, 1, 0, 3, -65
1313, 1, 0, 3, -65
1314, 1, 0, 3, -65
1315, 1, 0, 3, -65
1316, 1, 0, 3, -65
1317, 1, 0, 3, -65
1318, 1, 0, 3, -65
1319, 1, 0, 3, -65
1320, 0, 2, 3, -70
1321, 0, 2, 3, -70
1322, 0, 2, 3, -70
1323, 0, 2, 3, -70
1324, 0, 2, 3, -70
1325, 0, 2, 3, -70
1326, 0, 2, 3, -70
1327, 0, 2, 3, -70
1328, 0, 2, 3, -70
1329, 0, 2, 3, -70
1330, 0, 2, 3, -70
1331, 0, 2, 3, -70
1332, 0, 2, 3, -70
1333, 0, 2, 3, -70
1334, 0, 2, 3, -70
1335, 0, 2, 3, -70
1336, 0, 2, 3, -70
1337, 0, 2, 3, -70
1338, 0, 2, 3, -70
1339, 0, 2, 3, -70
1340, 1, 2, 3, -61
1341, 1, 2, 3, -61
1342, 1, 2, 3, -61
1343, 1, 2, 3, -61
1344, 1, 2, 3, -61
1345, 1, 2, 3, -61
1346, 1, 2, 3, -61
1347, 1, 2, 3, -61
1348, 1, 2, 3, -61
1349, 1, 2, 3, -61
1350, 1, 2, 3, -61
1351, 1, 2, 3, -61
1352, 1, 2, 3, -61
1353, 1, 2, 3, -62
1354, 1, 2, 3, -61
1355, 1, 2, 3, -61
1356, 1, 2, 3, -61
1357, 1, 2, 3, -61
1358, 1, 2, 3, -61
1359, 1, 2, 3, -61
1360, 0, 3, 3, -69
1361, 0, 3, 3, -69
1362, 0, 3, 3, -69
1363, 0, 3, 3, -69
1364, 0, 3, 3, -69
1365, 0, 3, 3, -69
1366, 0, 3, 3, -69
1367, 0, 3, 3, -69
1368, 0, 3, 3, -69
1369, 0, 3, 3, -69
1370, 0, 3, 3, -69
1371, 0, 3, 3, -69
1372, 0, 3, 3, -69
1373, 0, 3, 3, -69
1374, 0, 3, 3, -69
1375, 0, 3, 3, -69
1376, 0, 3, 3, -68
1377, 0, 3, 3, -69
1378, 0, 3, 3, -69
1379, 0, 3, 3, -68
1380, 1, 3, 3, -60
1381, 1, 3, 3, -60
1382, 1, 3, 3, -61
1383, 1, 3, 3, -61
1384, 1, 3, 3, -61
1385, 1, 3, 3, -60
1386, 1, 3, 3, -60
1387, 1, 3, 3, -61
1388, 1, 3, 3, -61
1389, 1, 3, 3, -60
1390, 1, 3, 3, -61
1391, 1, 3, 3, -61
1392, 1, 3, 3, -60
1393, 1, 3, 3, -60
1394, 1, 3, 3, -61
1395, 1, 3, 3, -61
1396, 1, 3, 3, -60
1397, 1, 3, 3, -60
1398, 1, 3, 3, -61
1399, 1, 3, 3, -61
1400, 0, 4, 3, -68
1401, 0, 4, 3, -68
1402, 0, 4, 3, -68
1403, 0, 4, 3, -68
1404, 0, 4, 3, -68
1405, 0, 4, 3, -68
1406, 0, 4, 3, -68
1407, 0, 4, 3, -68
1408, 0, 4, 3, -68
1409, 0, 4, 3, -68
1410, 0, 4, 3, -68
1411, 0, 4, 3, -68
1412, 0, 4, 3, -68
1413, 0, 4, 3, -68
1414, 0, 4, 3, -68
1415, 0, 4, 3, -68
1416, 0, 4, 3, -68
1417, 0, 4, 3, -68
1418, 0, 4, 3, -68
1419, 0, 4, 3, -68
1420, 1, 4, 3, -60
1421, 1, 4, 3, -60
1422, 1, 4, 3, -60
1423, 1, 4, 3, -60
1424, 1, 4, 3, -60
1425, 1, 4, 3, -60
1426, 1, 4, 3, -60
1427, 1, 4, 3, -60
1428, 1, 4, 3, -60
1429, 1, 4, 3, -60
1430, 1, 4, 3, -60
1431, 1, 4, 3, -60
1432, 1, 4, 3, -60
1433, 1, 4, 3, -60
1434, 1, 4, 3, -60
1435, 1, 4, 3, -60
1436, 1, 4, 3, -60
1437, 1, 4, 3, -60
1438, 1, 4, 3, -60
1439, 1, 4, 3, -60
1440, 0, 5, 3, -67
1441, 0, 5, 3, -67
1442, 0, 5, 3, -67
1443, 0, 5, 3, -67
1444, 0, 5, 3, -67
1445, 0, 5, 3, -68
1446, 0, 5, 3, -67
1447, 0, 5, 3, -67
1448, 0, 5, 3, -67
1449, 0, 5, 3, -67
1450, 0, 5, 3, -67
1451, 0, 5, 3, -67
1452, 0, 5, 3, -67
1453, 0, 5, 3, -67
1454, 0, 5, 3, -67
1455, 0, 5, 3, -67
1456, 0, 5, 3, -67
1457, 0, 5, 3, -67
1458, 0, 5, 3, -67
1459, 0, 5, 3, -67
1460, 1, 5, 3, -59
1461, 1, 5, 3, -59
1462, 1, 5, 3, -59
1463, 1, 5, 3, -59
1464, 1, 5, 3, -59
1465, 1, 5, 3, -59
1466, 1, 5, 3, -59
1467, 1, 5, 3, -59
1468, 1, 5, 3, -59
1469, 1, 5, 3, -59
1470, 1, 5, 3, -59
1471, 1, 5, 3, -59
1472, 1, 5, 3, -59
1473, 1, 5, 3, -59
1474, 1, 5, 3, -59
1475, 1, 5, 3, -59
1476, 1, 5, 3, -59
1477, 1, 5, 3, -59
1478, 1, 5, 3, -59
1479, 1, 5, 3, -59
1480, 0, 6, 3, -66
1481, 0, 6, 3, -66
1482, 0, 6, 3, -66
1483, 0, 6, 3, -66
1484, 0, 6, 3, -66
1485, 0, 6, 3, -66
1486, 0, 6, 3, -66
1487, 0, 6, 3, -66
1488, 0, 6, 3, -66
1489, 0, 6, 3, -66
1490, 0, 6, 3, -66
1491, 0, 6, 3, -66
1492, 0, 6, 3, -66
1493, 0, 6, 3, -66
1494, 0, 6, 3, -66
1495, 0, 6, 3, -66
1496, 0, 6, 3, -66
1497, 0, 6, 3, -66
1498, 0, 6, 3, -66
1499, 0, 6, 3, -66
1500, 1, 6, 3, -58
1501, 1, 6, 3, -58
1502, 1, 6, 3, -58
1503, 1, 6, 3, -58
1504, 1, 6, 3, -58
1505, 1, 6, 3, -58
1506, 1, 6, 3, -58
1507, 1, 6, 3, -58
1508, 1, 6, 3, -58
1509, 1, 6, 3, -58
1510, 1, 6, 3, -58
1511, 1, 6, 3, -58
1512, 1, 6, 3, -58
1513, 1, 6, 3, -58
1514, 1, 6, 3, -58
1515, 1, 6, 3, -58
1516, 1, 6, 3, -58
1517, 1, 6, 3, -58
1518, 1, 6, 3, -58
1519, 1, 6, 3, -58
1520, 0, 7, 3, -66
1521, 0, 7, 3, -66
1522, 0, 7, 3, -66
1523, 0, 7, 3, -66
1524, 0, 7, 3, -66
1525, 0, 7, 3, -66
1526, 0, 7, 3, -66
1527, 0, 7, 3, -66
1528, 0, 7, 3, -66
1529, 0, 7, 3, -66
1530, 0, 7, 3, -66
1531, 0, 7, 3, -66
1532, 0, 7, 3, -66
1533, 0, 7, 3, -66
1534, 0, 7, 3, -66
1535, 0, 7, 3, -66
1536, 0, 7, 3, -66
1537, 0, 7, 3, -66
1538, 0, 7, 3, -66
1539, 0, 7, 3, -66
1540, 1, 7, 3, -57
1541, 1, 7, 3, -57
1542, 1, 7, 3, -57
1543, 1, 7, 3, -57
1544, 1, 7, 3, -57
1545, 1, 7, 3, -57
1546, 1, 7, 3, -57
1547, 1, 7, 3, -57
1548, 1, 7, 3, -57
1549, 1, 7, 3, -57
1550, 1, 7, 3, -57
1551, 1, 7, 3, -57
1552, 1, 7, 3, -57
1553, 1, 7, 3, -57
1554, 1, 7, 3, -57
1555, 1, 7, 3, -57
1556, 1, 7, 3, -57
1557, 1, 7, 3, -57
1558, 1, 7, 3, -57
1559, 1, 7, 3, -57
1560, 0, 8, 3, -65
1561, 0, 8, 3, -65
1562, 0, 8, 3, -65
1563, 0, 8, 3, -65
1564, 0, 8, 3, -65
1565, 0, 8, 3, -65
1566, 0, 8, 3, -65
1567, 0, 8, 3, -65
1568, 0, 8, 3, -65
1569, 0, 8, 3, -65
1570, 0, 8, 3, -65
1571, 0, 8, 3, -65
1572, 0, 8, 3, -65
1573, 0, 8, 3, -65
1574, 0, 8, 3, -65
1575, 0, 8, 3, -65
1576, 0, 8, 3, -65
1577, 0, 8, 3, -65
1578, 0, 8, 3, -65
1579, 0, 8, 3, -65
1580, 1, 8, 3, -57
1581, 1, 8, 3, -57
1582, 1, 8, 3, -57
1583, 1, 8, 3, -57
1584, 1, 8, 3, -57
1585, 1, 8, 3, -57
1586, 1, 8, 3, -57
1587, 1, 8, 3, -57
1588, 1, 8, 3, -57
1589, 1, 8, 3, -57
1590, 1, 8, 3, -57
1591, 1, 8, 3, -57
1592, 1, 8, 3, -57
1593, 1, 8, 3, -57
1594, 1, 8, 3, -57
1595, 1, 8, 3, -57
1596, 1, 8, 3, -57
1597, 1, 8, 3, -57
1598, 1, 8, 3, -57
1599, 1, 8, 3, -57
1600, 0, -8, 4, -79
1601, 0, -8, 4, -79
1602, 0, -8, 4, -79
1603, 0, -8, 4, -79
1604, 0, -8, 4, -79
1605, 0, -8, 4, -79
1606, 0, -8, 4, -80
1607, 0, -8, 4, -79
1608, 0, -8, 4, -79
1609, 0, -8, 4, -79
1610, 0, -8, 4, -79
1611, 0, -8, 4, -79
1612, 0, -8, 4, -79
1613, 0, -8, 4, -79
1614, 0, -8, 4, -79
1615, 0, -8, 4, -79
1616, 0, -8, 4, -79
1617, 0, -8, 4, -79
1618, 0, -8, 4, -79
1619, 0, -8, 4, -79
1620, 1, -8, 4, -71
1621, 1, -8, 4, -71
1622, 1, -8, 4, -71
1623, 1, -8, 4, -71
1624, 1, -8, 4, -71
1625, 1, -8, 4, -71
1626, 1, -8, 4, -71
1627, 1, -8, 4, -71
1628, 1, -8, 4, -71
1629, 1, -8, 4, -71
1630, 1, -8, 4, -71
1631, 1, -8, 4, -71
1632, 1, -8, 4, -71
1633, 1, -8, 4, -71
1634, 1, -8, 4, -71
1635, 1, -8, 4, -71
1636, 1, -8, 4, -71
1637, 1, -8, 4, -71
1638, 1, -8, 4, -71
1639, 1, -8, 4, -71
1640, 0, -4, 4, -77
1641, 0, -4, 4, -77
1642, 0, -4, 4, -76
1643, 0, -4, 4, -77
1644, 0, -4, 4, -76
1645, 0, -4, 4, -76
1646, 0, -4, 4, -76
1647, 0, -4, 4, -76
1648, 0, -4, 4, -76
1649, 0, -4, 4, -76
1650, 0, -4, 4, -76
1651, 0, -4, 4, -76
1652, 0, -4, 4, -76
1653, 0, -4, 4, -77
1654, 0, -4, 4, -76
1655, 0, -4, 4, -76
1656, 0, -4, 4, -77
1657, 0, -4, 4, -76
1658, 0, -4, 4, -77
1659, 0, -4, 4, -77
1660, 1, -4, 4, -68
1661, 1, -4, 4, -68
1662, 1, -4, 4, -68
1663, 1, -4, 4, -68
1664, 1, -4, 4, -68
1665, 1, -4, 4, -68
1666, 1, -4, 4, -68
1667, 1, -4, 4, -68
1668, 1, -4, 4, -68
1669, 1, -4, 4, -68
1670, 1, -4, 4, -68
1671, 1, -4, 4, -68
1672, 1, -4, 4, -67
1673, 1, -4, 4, -68
1674, 1, -4, 4, -68
1675, 1, -4, 4, -68
1676, 1, -4, 4, -68
1677, 1, -4, 4, -68
1678, 1, -4, 4, -68
1679, 1, -4, 4, -68
1680, 0, 0, 4, -73
1681, 0, 0, 4, -73
1682, 0, 0, 4, -73
1683, 0, 0, 4, -73
1684, 0, 0, 4, -73
1685, 0, 0, 4, -73
1686, 0, 0, 4, -73
1687, 0, 0, 4, -73
1688, 0, 0, 4, -73
1689, 0, 0, 4, -73
1690, 0, 0, 4, -73
1691, 0, 0, 4, -73
1692, 0, 0, 4, -73
1693, 0, 0, 4, -73
1694, 0, 0, 4, -73
1695, 0, 0, 4, -73
1696, 0, 0, 4, -73
1697, 0, 0, 4, -73
1698, 0, 0, 4, -73
1699, 0, 0, 4, -73
1700, 1, 0, 4, -64
1701, 1, 0, 4, -64
1702, 1, 0, 4, -64
1703, 1, 0, 4, -64
1704, 1, 0, 4, -64
1705, 1, 0, 4, -64
1706, 1, 0, 4, -64
1707, 1, 0, 4, -64
1708, 1, 0, 4, -64
1709, 1, 0, 4, -64
1710, 1, 0, 4, -64
1711, 1, 0, 4, -64
1712, 1, 0, 4, -64
1713, 1, 0, 4, -64
1714, 1, 0, 4, -64
1715, 1, 0, 4, -64
1716, 1, 0, 4, -64
1717, 1, 0, 4, -64
1718, 1, 0, 4, -64
1719, 1, 0, 4, -64
1720, 0, 2, 4, -69
1721, 0, 2, 4, -69
1722, 0, 2, 4, -69
1723, 0, 2, 4, -69
1724, 0, 2, 4, -69
1725, 0, 2, 4, -69
1726, 0, 2, 4, -69
1727, 0, 2, 4, -69
1728, 0, 2, 4, -69
1729, 0, 2, 4, -69
1730, 0, 2, 4, -69
1731, 0, 2, 4, -69
1732, 0, 2, 4, -69
1733, 0, 2, 4, -69
1734, 0, 2, 4, -69
1735, 0, 2, 4, -69
1736, 0, 2, 4, -69
1737, 0, 2, 4, -69
1738, 0, 2, 4, -69
1739, 0, 2, 4, -69
1740, 1, 2, 4, -60
1741, 1, 2, 4, -60
1742, 1, 2, 4, -60
1743, 1, 2, 4, -61
1744, 1, 2, 4, -61
1745, 1, 2, 4, -60
1746, 1, 2, 4, -61
1747, 1, 2, 4, -60
1748, 1, 2, 4, -61
1749, 1, 2, 4, -60
1750, 1, 2, 4, -60
1751, 1, 2, 4, -60
1752, 1, 2, 4, -60
1753, 1, 2, 4, -60
1754, 1, 2, 4, -61
1755, 1, 2, 4, -61
1756, 1, 2, 4, -60
1757, 1, 2, 4, -60
1758, 1, 2, 4, -60
1759, 1, 2, 4, -60
1760, 0, 3, 4, -68
1761, 0, 3, 4, -68
1762, 0, 3, 4, -68
1763, 0, 3, 4, -68
1764, 0, 3, 4, -68
1765, 0, 3, 4, -68
1766, 0, 3, 4, -68
1767, 0, 3, 4, -68
1768, 0, 3, 4, -68
1769, 0, 3, 4, -68
1770, 0, 3, 4, -68
1771, 0, 3, 4, -68
1772, 0, 3, 4, -68
1773, 0, 3, 4, -68
1774, 0, 3, 4, -68
1775, 0, 3, 4, -68
1776, 0, 3, 4, -68
1777, 0, 3, 4, -68
1778, 0, 3, 4, -68
1779, 0, 3, 4, -68
1780, 1, 3, 4, -60
1781, 1, 3, 4, -60
1782, 1, 3, 4, -60
1783, 1, 3, 4, -60
1784, 1, 3, 4, -60
1785, 1, 3, 4, -60
1786, 1, 3, 4, -60
1787, 1, 3, 4, -60
1788, 1, 3, 4, -60
1789, 1, 3, 4, -60
1790, 1, 3, 4, -60
1791, 1, 3, 4, -60
1792, 1, 3, 4, -60
1793, 1, 3, 4, -60
1794, 1, 3, 4, -60
1795, 1, 3, 4, -60
1796, 1, 3, 4, -60
1797, 1, 3, 4, -60
1798, 1, 3, 4, -60
1799, 1, 3, 4, -60
1800, 0, 4, 4, -67
1801, 0, 4, 4, -67
1802, 0, 4, 4, -67
1803, 0, 4, 4, -67
1804, 0, 4, 4, -67
1805, 0, 4, 4, -67
1806, 0, 4, 4, -67
1807, 0, 4, 4, -67
1808, 0, 4, 4, -67
1809, 0, 4, 4, -67
1810, 0, 4, 4, -67
1811, 0, 4, 4, -67
1812, 0, 4, 4, -67
1813, 0, 4, 4, -68
1814, 0, 4, 4, -67
1815, 0, 4, 4, -68
1816, 0, 4, 4, -67
1817, 0, 4, 4, -67
1818, 0, 4, 4, -67
1819, 0, 4, 4, -67
1820, 1, 4, 4, -59
1821, 1, 4, 4, -59
1822, 1, 4, 4, -59
1823, 1, 4, 4, -59
1824, 1, 4, 4, -59
1825, 1, 4, 4, -59
1826, 1, 4, 4, -59
1827, 1, 4, 4, -59
1828, 1, 4, 4, -59
1829, 1, 4, 4, -59
1830, 1, 4, 4, -59
1831, 1, 4, 4, -59
1832, 1, 4, 4, -59
1833, 1, 4, 4, -59
1834, 1, 4, 4, -59
1835, 1, 4, 4, -59
1836, 1, 4, 4, -59
1837, 1, 4, 4, -59
1838, 1, 4, 4, -59
1839, 1, 4, 4, -59
1840, 0, 5, 4, -67
1841, 0, 5, 4, -66
1842, 0, 5, 4, -67
1843, 0, 5, 4, -67
1844, 0, 5, 4, -67
1845, 0, 5, 4, -67
1846, 0, 5, 4, -67
1847, 0, 5, 4, -66
1848, 0, 5, 4, -66
1849, 0, 5, 4, -67
1850, 0, 5, 4, -67
1851, 0, 5, 4, -67
1852, 0, 5, 4, -67
1853, 0, 5, 4, -66
1854, 0, 5, 4, -66
1855, 0, 5, 4, -67
1856, 0, 5, 4, -67
1857, 0, 5, 4, -67
1858, 0, 5, 4, -67
1859, 0, 5, 4, -66
1860, 1, 5, 4, -59
1861, 1, 5, 4, -58
1862, 1, 5, 4, -58
1863, 1, 5, 4, -59
1864, 1, 5, 4, -59
1865, 1, 5, 4, -59
1866, 1, 5, 4, -58
1867, 1, 5, 4, -58
1868, 1, 5, 4, -59
1869, 1, 5, 4, -59
1870, 1, 5, 4, -58
1871, 1, 5, 4, -59
1872, 1, 5, 4, -59
1873, 1, 5, 4, -59
1874, 1, 5, 4, -58
1875, 1, 5, 4, -59
1876, 1, 5, 4, -58
1877, 1, 5, 4, -59
1878, 1, 5, 4, -58
1879, 1, 5, 4, -59
1880, 0, 6, 4, -66
1881, 0, 6, 4, -66
1882, 0, 6, 4, -66
1883, 0, 6, 4, -66
1884, 0, 6, 4, -66
1885, 0, 6, 4, -66
1886, 0, 6, 4, -66
1887, 0, 6, 4, -66
1888, 0, 6, 4, -66
1889, 0, 6, 4, -66
1890, 0, 6, 4, -66
1891, 0, 6, 4, -66
1892, 0, 6, 4, -65
1893, 0, 6, 4, -66
1894, 0, 6, 4, -66
1895, 0, 6, 4, -66
1896, 0, 6, 4, -66
1897, 0, 6, 4, -66
1898, 0, 6, 4, -66
1899, 0, 6, 4, -66
1900, 1, 6, 4, -57
1901, 1, 6, 4, -57
1902, 1, 6, 4, -57
1903, 1, 6, 4, -57
1904, 1, 6, 4, -57
1905, 1, 6, 4, -57
1906, 1, 6, 4, -58
1907, 1, 6, 4, -57
1908, 1, 6, 4, -57
1909, 1, 6, 4, -57
1910, 1, 6, 4, -57
1911, 1, 6, 4, -57
1912, 1, 6, 4, -57
1913, 1, 6, 4, -57
1914, 1, 6, 4, -57
1915, 1, 6, 4, -57
1916, 1, 6, 4, -58
1917, 1, 6, 4, -57
1918, 1, 6, 4, -57
1919, 1, 6, 4, -57
1920, 0, 7, 4, -65
1921, 0, 7, 4, -65
1922, 0, 7, 4, -65
1923, 0, 7, 4, -65
1924, 0, 7, 4, -65
1925, 0, 7, 4, -65
1926, 0, 7, 4, -65
1927, 0, 7, 4, -65
1928, 0, 7, 4, -65
1929, 0, 7, 4, -65
1930, 0, 7, 4, -65
1931, 0, 7, 4, -65
1932, 0, 7, 4, -65
1933, 0, 7, 4, -65
1934, 0, 7, 4, -65
1935, 0, 7, 4, -65
1936, 0, 7, 4, -65
1937, 0, 7, 4, -65
1938, 0, 7, 4, -65
1939, 0, 7, 4, -65
1940, 1, 7, 4, -57
1941, 1, 7, 4, -57
1942, 1, 7, 4, -57
1943, 1, 7, 4, -57
1944, 1, 7, 4, -57
1945, 1, 7, 4, -57
1946, 1, 7, 4, -57
1947, 1, 7, 4, -57
1948, 1, 7, 4, -57
1949, 1, 7, 4, -57
1950, 1, 7, 4, -57
1951, 1, 7, 4, -57
1952, 1, 7, 4, -57
1953, 1, 7, 4, -57
1954, 1, 7, 4, -57
1955, 1, 7, 4, -57
1956, 1, 7, 4, -57
1957, 1, 7, 4, -57
1958, 1, 7, 4, -57
1959, 1, 7, 4, -57
1960, 0, 8, 4, -64
1961, 0, 8, 4, -64
1962, 0, 8, 4, -64
1963, 0, 8, 4, -64
1964, 0, 8, 4, -64
1965, 0, 8, 4, -64
1966, 0, 8, 4, -64
1967, 0, 8, 4, -64
1968, 0, 8, 4, -64
1969, 0, 8, 4, -64
1970, 0, 8, 4, -64
1971, 0, 8, 4, -64
1972, 0, 8, 4, -64
1973, 0, 8, 4, -64
1974, 0, 8, 4, -64
1975, 0, 8, 4, -64
1976, 0, 8, 4, -64
1977, 0, 8, 4, -64
1978, 0, 8, 4, -64
1979, 0, 8, 4, -64
1980, 1, 8, 4, -56
1981, 1, 8, 4, -56
1982, 1, 8, 4, -56
1983, 1, 8, 4, -56
1984, 1, 8, 4, -56
1985, 1, 8, 4, -56
1986, 1, 8, 4, -56
1987, 1, 8, 4, -56
1988, 1, 8, 4, -56
1989, 1, 8, 4, -56
1990, 1, 8, 4, -56
1991, 1, 8, 4, -56
1992, 1, 8, 4, -56
1993, 1, 8, 4, -56
1994, 1, 8, 4, -56
1995, 1, 8, 4, -56
1996, 1, 8, 4, -56
1997, 1, 8, 4, -56
1998, 1, 8, 4, -56
1999, 1, 8, 4, -56
